Title,Link,Published,Source,Snippet,Search_date
"Fake claims, real theft: Sh11 billion stolen from SHA in six months - Daily Nation",https://news.google.com/rss/articles/CBMiqgFBVV95cUxNSXpSV1dwQ0lESG5zcGFJWGVFTzlOM3BUb1JuaWJPU25XQlhMcXpuNENPWjNMUjFMZUpGUFZ1TGlFLUs0MWphclcyalhUeE5zM2NsUERqQVpkX2VCNVRKM0pSYmp4bGlzUWh3S1cxQzlkSlEzLU5TcWxqVUpvSk1sZ0I5dzc4REJoS05VNld3WXpmcnkwWUFZbGdGYks2cTZaZW1jVHZ2Y1hQUQ?oc=5,2026-01-28 03:00:00,Daily Nation,"Fake claims, real theft: Sh11 billion stolen from SHA in six months Daily Nation",2025-01-01
Why we relocated to Kenya after decades in the US - Daily Nation,https://news.google.com/rss/articles/CBMiogFBVV95cUxOcFVKVHRvd3o3RTNQTUtpcFJPNlVCZjFIaG42SlE2ajgxcE51NXZfOGdndkFNdjgySkV2dVFKM2JfcTJKSE45X1VadVpuQ2NxNFc2cHkwMFY0M1c5N2lUVFlKRzM0ZjhSblAwZFQ0Y25JbXlrZTM5a1VHR1Viekd0VGhsT242MzB5N0ZMVlZSWk02UlRZWGVSSzFkaUhJWG5DMFE?oc=5,2026-01-28 03:32:49,Daily Nation,Why we relocated to Kenya after decades in the US Daily Nation,2025-01-01
Businessman’s daughter accused of forging father’s Will to seize billions - Daily Nation,https://news.google.com/rss/articles/CBMitAFBVV95cUxNbVVUQ0NTS215VlA3bmlZZUxJcjc3YjlsNzRhc2pwRnBZODBPR1ZsN0VONXRaV2VCZmpXZ3BkVEhLQ2dnSkJQOHc5ZXdGSWh1ZU9MWVBxcEw3NU5RN0ZWcjhhSmZ1c0pIQmZOekVKMXViQlRlekNoN201aUZ4bFE0Tk0wNVlNcG5xeVh2Q3MxSW4tSjZwYWVnb0FmdE1YbzNEU1ZYSUJnUTlJU0xhNzVXcU5qYjc?oc=5,2026-01-27 07:25:08,Daily Nation,Businessman’s daughter accused of forging father’s Will to seize billions Daily Nation,2025-01-01
Lantana camara craze: Why Kenyans are eating it despite being toxic - Daily Nation,https://news.google.com/rss/articles/CBMiugFBVV95cUxNLTZObVdYQWxXdXBJUHpXNzBqb1dqd1lfSnFxYVNxczk5bU9RZ2c5cHI5ZzVwYzBFb2hVX0pUZ2dFMTVMenduNVJxa09VNVdRdFYwdFBHWUR0RmhqSWl4VWpoZzNUTWRubmpObkJYcFJVM2VPS0hmdXlEcXM0X1NLVUFGOGZTeWhnRkFpQnBzZTRCdW1WanNMcE9vQ25DV21ZdEZVZDRmTk05ZE5qYWV3OEN3VXhSRkE3T0E?oc=5,2026-01-27 08:00:00,Daily Nation,Lantana camara craze: Why Kenyans are eating it despite being toxic Daily Nation,2025-01-01
"Jeremiah Kioni: Close to power, yet 'always just out of reach - Daily Nation",https://news.google.com/rss/articles/CBMirAFBVV95cUxOTzI2aVNCaVhCZ1pXZU82NmEwblNhX0FJT05JazdYTkJfWXQtdVpZRWZ6M0IzQXJiYS0tSVk1d1EtQkstOGVxSVF0d3NzS0I0S0NpMXA2b0ZGT0R3YVlTeVhzTU9Mc2R1MXg2bGhGVkU4dkVZakdVMDlJSnlNRFlJbGpuSzFpeE1MZ25Dd3ZJXzF0OXBHekk4bmprTU50UE0tOHJfR0N6WG93aVgz?oc=5,2026-01-28 03:27:18,Daily Nation,"Jeremiah Kioni: Close to power, yet 'always just out of reach Daily Nation",2025-01-01
How Gachagua church attack reveals high-stake power struggles - Daily Nation,https://news.google.com/rss/articles/CBMisAFBVV95cUxNSmFvWnRvV0lSc0xLZk9NWmVnemVOZ2RibnZsTHBtWEp2YjRfa2JvaDJjN2FoZFhNbUc5cGdxcjFvUG9KRXdqM2F1TnhlOGhXZTNWU0NUdi1mdmxENkN4U1BzSF9mUGNFR2gyd1Zjek9KTXpINXZHdk5OY25teVFwSnRiSU5sSUpwOHBlNjU2b0xLQkZKRDRIMk9kay0yQzI2WjdyQkwzOWRWYUFDa0Z3Tg?oc=5,2026-01-28 03:00:00,Daily Nation,How Gachagua church attack reveals high-stake power struggles Daily Nation,2025-01-01
Businesswoman Mary Wambui fights city luxury hotel auction over Sh8bn debt - Daily Nation,https://news.google.com/rss/articles/CBMitgFBVV95cUxNeXY0NEFZdjFjM3lEZEVzLXk5d2p4Ul95RGQ2clN6MVA0RGJxYXFENklXYzZZc3dVR29UZUQ0V295cjRVWks3M1UyaVA2UkpOc2t5S1dlYXhvMmFacmNzbDVpQldCUUNYQnBDRmtBb2ZVVHozaXlBemQzRm5XbUFVdGR0R3J6MGV5QXhia0o3Mm5NdjRybkZZbi1IeVljNklPcjBtTlBHWGM4S2lnc0lZd0g4Yzktdw?oc=5,2026-01-26 11:45:00,Daily Nation,Businesswoman Mary Wambui fights city luxury hotel auction over Sh8bn debt Daily Nation,2025-01-01
What Ida Odinga is going to do at UNEP - Daily Nation,https://news.google.com/rss/articles/CBMihgFBVV95cUxQOHNPd0loNVZ6Y2NYNFVPZzdJYk1ySVp0Rl9wUi1UV0Q0R1ZWWkE5c3lQcHNEaURFT3BHVkpiSWRPNWhzMEE0ajJmVUtqSldyUlZELUN1SkdSSU93cjFGbnc5Z29PNE0wbDNRc3hORHFmQWdLV0hheFhyeDJoRUZhNFZYeTYwQQ?oc=5,2026-01-28 02:00:00,Daily Nation,What Ida Odinga is going to do at UNEP Daily Nation,2025-01-01
Report: More than half of MPs will not make it back to Parliament - Daily Nation,https://news.google.com/rss/articles/CBMitAFBVV95cUxOY1g2SEZLR01SV3AtSXh1N28zbVkxeFFvMVpIb2pCMzBUU3RzT2hZM2o3RmM0d09ud0REZGlJelJpQ1N2X1dOTlFGaDhJaVpKWnl4cy1BdDcxalpFYTg1Qk45TXVJSm9IbFE1WXRmdlQ0Q3pJT1ZtR2phSUI0NERGcmctcXYwX2FMWTRONFZuOFlhR25MSTNndXZMeTNuZThWT0tmSnJuYmdONG8wdnoybE5mblc?oc=5,2026-01-28 03:00:00,Daily Nation,Report: More than half of MPs will not make it back to Parliament Daily Nation,2025-01-01
Two Ruto advisers face legal action over alleged contempt of court - Daily Nation,https://news.google.com/rss/articles/CBMiqwFBVV95cUxNd2psWG9ENXE3ck9EdEstU0FmRWdGVm1TQ1N3ak9jOWZReUprYlFkbl9jbTljZFlhbXhYOGNLSGVqWE9lNHZQUzBWTXhOZ3VIMXFpYmwyUUtPbFY0a2F4Wm1UUkcyam1vSl90OUl5Y05nU2I5ckk2THBLYlpad1BDdVRlbklIMlFZMmt5TmJtSmlFelRPcEtCcV80clJaSjVqSFJMVVZaTDlGX0E?oc=5,2026-01-28 02:00:00,Daily Nation,Two Ruto advisers face legal action over alleged contempt of court Daily Nation,2025-01-01
20 athletes found guilty of age cheating after probe - Daily Nation,https://news.google.com/rss/articles/CBMiqAFBVV95cUxNc1F1bFNJQ0dPUWVWc1RLcEh1MUUzOVQ5am1kV2hnbXBoX05pVFZWZ2Y3MjJfQkRFRDU5ZHRqd3VVM3o0OG05R09FNXI3cGxsZTdtRzN0Snl4U0tXWnV1YXNqLTJYQ0plaUZJaXM2NU53cE5qcGQwSXJsOEFOd3RxbUVaenhES1pCSlNSTEJvNzVrUk4zNHFzUzBycHJSRHBBam9vSGJPcy0?oc=5,2026-01-28 05:22:53,Daily Nation,20 athletes found guilty of age cheating after probe Daily Nation,2025-01-01
I earn twice my boyfriend’s salary. Should I still marry him? - Daily Nation,https://news.google.com/rss/articles/CBMisAFBVV95cUxNWngzcWhhejFDb2NlMmxYb1QzNUxQNGRUMXBEQTVVLWxvVjVTd2VtOFlNNmhFZUJZU3lKazhiRkxRbjRsSkQtemFhN3JobHZlRGVUamc2cUY2a0lrTGJHZTY3VEJiRmNCU2NnOHRfWlRXVkRYVE92bWtMdzF2WFcxdFlCN0RfZ3BBS2lpcHVkY3ZlMmlGWlZ0UjdrS25mOTdfUkRsX3ZuWEZNMjIzbnU4aA?oc=5,2026-01-27 13:33:43,Daily Nation,I earn twice my boyfriend’s salary. Should I still marry him? Daily Nation,2025-01-01
Court limits employer liability for funeral costs in workplace deaths - Daily Nation,https://news.google.com/rss/articles/CBMivwFBVV95cUxQUVFUUWV6ZlNnWFpuay13RU9TMm0yMHBIczZnMk5uWXczeHNJOXZPU3NsTWxsUHQxOFhCQ0RoczNkUUIxVjJ1bEtDdkpFR0NRTUo1MTFNV3VtSHBKQzBTRTJtWkUybm93M1JlNy1qdWpIT1pUMVBrOEFvZDQzTzU0V1I2cjNUaW1PQzhCVHhHYm85OUNsVGw4aWpzM1VPS05rdU5ycWM4RFR6R1RpaXVXZDh1cnk3TUVYaWp5Yno2OA?oc=5,2026-01-26 13:42:05,Daily Nation,Court limits employer liability for funeral costs in workplace deaths Daily Nation,2025-01-01
Kilifi man who killed wife for joining Instagram seeks court leniency - Daily Nation,https://news.google.com/rss/articles/CBMivgFBVV95cUxQY3lOV044OURibnBkX1ZETzZTclFnY2FJRmlpdDdCRWJhQ2d6YW9WbUV5YW5rd1U4Slk1c1NGVnNrMjBOSlcxTGRsWmp6RGU5Wndkd3hJMExBVXFSSExPLVFBNW44ZGR5RUZmZ0dRY29lb0luZmZYS2l3SkE4TkR6bGthRmlPbDVQcHhDNnZSRXFybVZ1aExHR2swLTRIdmgzWHFnSWRWdmFCRkhUTTFKWHRYQXV5Mjd0Tk53SHZ3?oc=5,2026-01-27 11:00:00,Daily Nation,Kilifi man who killed wife for joining Instagram seeks court leniency Daily Nation,2025-01-01
PSC requests Sh3bn boost to tackle ageing workforce crisis - Daily Nation,https://news.google.com/rss/articles/CBMioAFBVV95cUxNVFZkZkdoWEJQV0FBdC1sOTRVckJvcHM0TWFoUFVBZzFZVzE1QzUtN2tmVFFZSmdVVHBFWUZXazliN21jMXFvSE0wTmlPekFnMGktdFZNZ05hX1NiOGpIbXFxa05JaGhGZV9sYjRmMzJSVGVNM2RyQXlnSE9qczVGNmxKNUpuQ21zZ0pieHFlZGVoSFpJZy1LT1dpQ1o5V1Zt?oc=5,2026-01-26 03:00:00,Daily Nation,PSC requests Sh3bn boost to tackle ageing workforce crisis Daily Nation,2025-01-01
Court upholds revocation of 306 unqualified nursing interns - Daily Nation,https://news.google.com/rss/articles/CBMiogFBVV95cUxNZm5TeFVaMTAyZ1ZVTEd0V0czSWtjbjVZSWxqU19NcXVPdlhpVXI2VWZ1RFhVZ1NJRGt3TDU5bzhtWjRXRTVjVTVJdHk5MFFHMFFQRk1xTF9MZzV0RHU5bFp6YWVONFRBSURJOHNUbHQ1bXY2d0ZfRHllM2V1djBtUW1ycmtEeE5hRHRjNkVRbmxqVWNjejhuSE9Yc0NHb1Y5Z0E?oc=5,2026-01-26 13:48:46,Daily Nation,Court upholds revocation of 306 unqualified nursing interns Daily Nation,2025-01-01
UDA jitters: members push back amid coalition talk - Daily Nation,https://news.google.com/rss/articles/CBMioAFBVV95cUxNQ0lzU09aendpUWVhSk5zR0dQek5KUEZxWF92ZW5ZVzhNTXlCRkFxa0IyZGNxWTczTWhVR2JpRk5FSFVteGRYeWE3UmtrRVlOWGZLeHJhcTZvWThjR004NUtFMkpPRU1DNkxqeFhXNWphSUNid05SZXlOUlBNZjZ3dEstV0NZWVkzNTV1Wl91enJDRkt2WEs0YzEta09SaE9l?oc=5,2026-01-27 16:07:14,Daily Nation,UDA jitters: members push back amid coalition talk Daily Nation,2025-01-01
Bribes in TSC recruitment scam rise to Sh133.8 million - Daily Nation,https://news.google.com/rss/articles/CBMiqAFBVV95cUxNSy1YclhVdnJqT3h5TDhnZlBBYVNOZm1BdjJuRVJGUzRVeVotTmFVLVhvajI0Y2pvSFlhbXJDMzVIZlA2eUczY0RjTm1yLWpkWGVSQVNpa2E5THBrcF9fT3BpWFJ6UENxbTNDc3cyaUlvNWtSbUhzOUNkYktvWmNCSEJiUS13VU1Yel9Ha3VCSklEb1dBUGt3azYtSzJqTGJpbTZqUFREeUc?oc=5,2026-01-26 10:10:48,Daily Nation,Bribes in TSC recruitment scam rise to Sh133.8 million Daily Nation,2025-01-01
Will forgery claim sparks family feud in ex-AG Karugu’s multibillion estate battle - Daily Nation,https://news.google.com/rss/articles/CBMiwAFBVV95cUxQT0dvdnBKbHlFMXVUakZ2NjdkbTlvOTd2SGxPbGc4Qy1WNzRSeGJiRnljQk1iWHRpX1AyTTh3ZTFMX1NSVUpvazlVSVVSZVdzOW5ONVNveFphclNXaVprN1Ezd3l4ZmFsa3J1TVF0UFU5UFcxZzdvZ0NTZGhZcmZpRGxiMm1YYVZlRE10M25oemU2Wlc0dHAtMWJpb3IzaWdXNlNoblhic3kzOWUyVEY3WjYxeWctenZzMmxLeGlQdzk?oc=5,2026-01-27 08:54:47,Daily Nation,Will forgery claim sparks family feud in ex-AG Karugu’s multibillion estate battle Daily Nation,2025-01-01
"Ruto appoints Issack Hassan, Katwa Kigen among 15 new Court of Appeal judges - Daily Nation",https://news.google.com/rss/articles/CBMitwFBVV95cUxPX3BBRkYzOUtqeFFCN3Y4eTVwby1iSWFxTTNibXpXNHNuYy14eW5GbjRab3lrT2ltazdLUi1lenF1SW5ueFJyQmpfRUlxb2tFR0RtNzNjdWVVQXYzWXpxaU9ITERucWZTUzFiWl94LXhwMXNlLVRkeGNMVXp5NExDLWNqTUpRQnZEcWtJbUpUV0Ixb04yV09Ba2pnVVY5czJEcC1Gcm95aHFoXzB1UFNXa0RTYXRZVHc?oc=5,2026-01-27 13:00:00,Daily Nation,"Ruto appoints Issack Hassan, Katwa Kigen among 15 new Court of Appeal judges Daily Nation",2025-01-01
Ida Odinga: Why I have accepted Ruto's job - Daily Nation,https://news.google.com/rss/articles/CBMijwFBVV95cUxPdlByd21ENk1wTTBrdnJjSGpBNmRFVFl0WXdGZDM0V2duZ2l6Z3k4Z1FpT0hFdnVvN1lWSGNYRU55aEFVR2I1YXE3UHgxRkpETlVIVE0zWTBHZ2pmTGl2Skh1b1Jwc2FSbVZLejRmUlZaOHc1X042LTZITmVTaHo4d1VRQTM4OFdTdHlXOXZLQQ?oc=5,2026-01-25 22:11:36,Daily Nation,Ida Odinga: Why I have accepted Ruto's job Daily Nation,2025-01-01
How IEBC decision to defer boundaries review will affect 2027 polls - Daily Nation,https://news.google.com/rss/articles/CBMirAFBVV95cUxPdi1mUGxzd0dfOVRWelN6TTBzenlhbEItTi1FSWcxSWw0aG1pUnpMUDdWcDY1MGt6RWpLUlN5RDRzNlhwUjdSdkRCX2hvTWZxZk5zZzVDam9BeGp2bTZfVE9sZDgtYnJGV0FpMVpDRFBMT0hFenRMblphSFVDQjFveXBjRTh2RzlFQmQ4QmktTjlQSkcyUlRzUjlRR1lpMXhPamtyTjVMOGpud3hw?oc=5,2026-01-27 17:13:01,Daily Nation,How IEBC decision to defer boundaries review will affect 2027 polls Daily Nation,2025-01-01
Newest billionaire in town? KCB gets nod to acquire Nick Mwendwa firm - Daily Nation,https://news.google.com/rss/articles/CBMiwAFBVV95cUxPWi1YTURidkpHR1Z6dHJ4ekZuMWFXR2tWNHR0YUhpNFdFZ09tcDRTR1dQRGF2ZFRwcEJNZWpIMllRd2NBWnZlY2lzVnlXYVlIdE9rUnZsTzBPMnMxN241RXBmQndyd2cxc2U4amc3bVZoS3ZObjFxY25PR0lZdTZOYjVpNmpMVHh1ME85Y04td1NZZnpGQWgzbFp5MnVjcGJXSzlLcGZvSFBQNTBsZHd3R3g5RU4tVjkxbXRWMEp0LWE?oc=5,2026-01-26 12:33:45,Daily Nation,Newest billionaire in town? KCB gets nod to acquire Nick Mwendwa firm Daily Nation,2025-01-01
Political storm over Rigathi Gachagua attack - Daily Nation,https://news.google.com/rss/articles/CBMimwFBVV95cUxQOGUyRXZjcmdOc3hTWjJBbW9hWmdYVC1ma1RMdUNaY2pKc2dtOVNnZ1l5ZFcxQS1rc0hOWHBDNUlRbGpJOXBRSi1zbXFnSEtzYmFhOXVIVkMwN1dZREVWNjFBcGlGcFI1ZGZzdFpveXN3YlRBaDE0Rk03MFp1cHd6VnctY0RzbnZUVzBTRUM2cHZBT2hRZ2t1Z3N5Yw?oc=5,2026-01-27 03:00:00,Daily Nation,Political storm over Rigathi Gachagua attack Daily Nation,2025-01-01
Russia-Ukraine war: Families of kin killed or injured plead for State help - Daily Nation,https://news.google.com/rss/articles/CBMitAFBVV95cUxPRURRamZ6Mk9RNC1hRHJNcHhUWENfSFNTYmVLMHRhaHI4QVBENWVxcFNSSVo1YW1qNDViV3kwejFTUVd2dHRVLVpkUkFOdjZ6d3I5V0lVVTlYZnpDZGNXY0E1Z1RhaHpPOFJxRnlERURNUndVbVY3Y0ltbUl4SjAzNEl4eENPbFYwdUNhMzh6WmxYOTktUnBLaU9zUXNqTV81LUEySHJVOXMxM3JYbDVZbHRPdEU?oc=5,2026-01-27 18:14:03,Daily Nation,Russia-Ukraine war: Families of kin killed or injured plead for State help Daily Nation,2025-01-01
‘Upcountry matters’: Sharon Oyoko’s bid to reshape LSK representation - Daily Nation,https://news.google.com/rss/articles/CBMitgFBVV95cUxNUVljVmNwTzNMOWxuZExyN2ZQblp2bHM4U2FvcHlVOTZ5OUdGclF1ekRsVmtPWFczOWdHRWp5SW9TRTRObnc5Z0VfREJvUnR0QXlPV2RVQm5sWkMtandQek4wWk8tY2xndU5sX0pMbGtmLW9JczdaNHdicG42c1NIRDNmRmJaZ0hzNDR1MmRKT3VXSENrTFZJazhUT2tmaHpzTnFkWkFCb3d5R1Q0VzhaV2F5blJtdw?oc=5,2026-01-27 10:00:00,Daily Nation,‘Upcountry matters’: Sharon Oyoko’s bid to reshape LSK representation Daily Nation,2025-01-01
Profiles of Court of Appeal judge nominees and tough JSC questions they faced - Daily Nation,https://news.google.com/rss/articles/CBMiugFBVV95cUxQeWNBTmVrQ1NlXzdsX0ZqUnBPbVZSaFF1S21lZkdIZ2RTZnpnU1ptb1R6OE42bWJicjNzT3RLQjZDQTdCRW5DVXVRUV9OY2pyTkpCZU5pa09uaEZQTWVVWU1JZy1STUFTYlJHUkwxMlRBZEZSRFZzVEJjTU83MTR4QTFjclUzN3RhMmxKTU8yNXBSYWJQNUlGcVliRkZZMmJBT1lGRVhsZldBQTdfbEJKQ3NzeElMTC1Ob0E?oc=5,2026-01-25 03:00:00,Daily Nation,Profiles of Court of Appeal judge nominees and tough JSC questions they faced Daily Nation,2025-01-01
"Elite capture, underdevelopment of Kenya - Daily Nation",https://news.google.com/rss/articles/CBMingFBVV95cUxNRm1FcEVGM2Z3cjNvWERVc0tER1k2WDJJYlphQ0NGWExCeDJLN3gweGsyVFA2bjVNeDRnUkdxTlVIRzBzMmViMzJYOXVKOExlczNUZndwX2N2WmZWb3o0YnVSZ1dlVldmeklMNTVuX1hwWmlGVmFDaTl6ZUxnRmxTUGFCNjlIMmtoUHUzbFhMLWhjZmYwZXcyVFctRWhoQQ?oc=5,2026-01-24 21:00:00,Daily Nation,"Elite capture, underdevelopment of Kenya Daily Nation",2025-01-01
Decoding Ruto's chess game: What Ida Odinga pick as envoy means - Daily Nation,https://news.google.com/rss/articles/CBMirgFBVV95cUxNWVl6TVIxWmVISE9Vb2doQXI5bVFnREdzS3NrenVSTkxMdER0TEZtZlhKdzNzd1hHTlFXUVpIZG5EdzllUFJyNHhCd1BjaDEzT1B4aUxSUndwbldaVzNTYWRWSm5OMkxCdGM3MjhSTUhLUFlUWXJlWlJWV3BZSXg1MWlNQXJBczNrcGZVb2JvU2ZpLWVKT3VYTDhLOEZ6bUJ5cnpLcHpiZXBNaVdzSWc?oc=5,2026-01-24 03:00:00,Daily Nation,Decoding Ruto's chess game: What Ida Odinga pick as envoy means Daily Nation,2025-01-01
"Attorney-General, PSC race to save Ruto advisers - Daily Nation",https://news.google.com/rss/articles/CBMikgFBVV95cUxORk1GOWYySUFhLWk3R0Ffd3dyUmJFTU11dVcxOGJXdENsU28tOHJPRmQ5RTJsMmRGTmNsbkhHYktaa0doUzI0RERiTnBzTnFQOUYzZktJTU9kdWxQbk5mYklyb2FwdkxaaUlsVkRIdkJaQWlmTG45SUhRcnBTMDF6RFhMcFdiUHVPVm5qa1JfeFR0QQ?oc=5,2026-01-23 18:23:23,Daily Nation,"Attorney-General, PSC race to save Ruto advisers Daily Nation",2025-01-01
Prof Okumu named Kenyatta University Acting VC as Prof Wainaina exits - Daily Nation,https://news.google.com/rss/articles/CBMivAFBVV95cUxPYTNGQTIxU2ZaYktjS204R3Z3VWE0Nmd1MG8wcWZqal9hb2stVzhEVkE3U3B1Q3NLVmdhQ25EQVMxaHlwNmRxMGxUdldRTFYxdmpHaWd3aFVOMVZNWUVtU3RhTjhBTEpCYWxDLU5STndqVjFuOV9ValNqZ3ZPWVBqTTlPLXQ1emw2enZuUVBLSTRoWmJsSjVtWDctYWxwT2hudlhzTnVzLXZLaDhCYWJJZUdJa20yWkVXaGNZaA?oc=5,2026-01-23 17:06:49,Daily Nation,Prof Okumu named Kenyatta University Acting VC as Prof Wainaina exits Daily Nation,2025-01-01
"Mamdani’s bombshell book explodes Yoweri Museveni, Idi Amin myths - Daily Nation",https://news.google.com/rss/articles/CBMitgFBVV95cUxPVzZBM1F5NDdMdHhVOExCNkdaTmptdk9COEk5M3U3VldKdTU5cjVQUmVvM3N6ODgtQUpMN2wtR2ktNktFbGkyNlZxVWlMNGM0bXFIdGp4WTViNWdlZ0dDeUJ4NjFWU2ZJV054cWljMnZKU2xOUWtIc2VhQjF0TEtObzRkY0VaMXVIdklhaUFhOHNXanktVVhDMVptZVRVbVBYUjJtbHE3YmVESTNjcVhrakFNd0hyZw?oc=5,2026-01-25 10:56:39,Daily Nation,"Mamdani’s bombshell book explodes Yoweri Museveni, Idi Amin myths Daily Nation",2025-01-01
"Gathoni Wamuchomba, the erratic trumpeter - Daily Nation",https://news.google.com/rss/articles/CBMilgFBVV95cUxNSEYxWnhRbmtCek91RWw2TFYwVzhCaUNaM2EzSjdlMnhRR0hGeU0za21ISGdJMDBRck9xTGw4b0ZKaVZURjJIUHBoVWZSNlBsbWFNTUZyWDVpcnF2OHNIQ0FaamJUdUE3bTIzQ3lrakZYVkZseS1aeElMLXB5LVlxUG1WOXJGdzhmd0JralFKUDdQMEVPNGc?oc=5,2026-01-25 03:00:00,Daily Nation,"Gathoni Wamuchomba, the erratic trumpeter Daily Nation",2025-01-01
"I’ll win 3 million votes in ODM pact, says President Ruto - Daily Nation",https://news.google.com/rss/articles/CBMiqgFBVV95cUxPT2J2Mlp5MlZSWnpVallFV0Zhbi1sUDJ5OWJqbTdyc1h1dTl3N2M3NFE1VHBpTlE1U0xTLTRMWGdJdlg1WklpcnlUeUtQSm9vSVI4bnBfOUNJUHJPYVlfU0k1d2tXYUtUdm40ZEJBRU80WThBeDlKbFlUalVvYUM0NTRVS3BWMkdoM3NmUVdyN0d4dTBlUjBicURrVkZKM2JQcTZicUtCOUJvdw?oc=5,2026-01-27 03:00:00,Daily Nation,"I’ll win 3 million votes in ODM pact, says President Ruto Daily Nation",2025-01-01
"Faith Kipyegon, Nike partner to build Sh30m maternity wing at her Kuresoi birthplace - Daily Nation",https://news.google.com/rss/articles/CBMi0gFBVV95cUxOTmZzRDhkSk9HUWd4a0dkY2xSM0ExUFpIdWktRVBJLVBrb1NDMXgtM2VqU2ZPTjBpbERMUm5TaXFidFctdnhwR0EyWHVJNTNPbEx3SFZjU0RWT3RpZE00elhRa1hLZ0VDWlRXQnYyTF9ncmp1aUQ4bmw2VWtGeGJZNDVpWkw5eEpwVENWUEZJR3E2QWJ5X3JYSWJlQ2E4bXNkQVNsUWE0ZEYwcFVjT1JoY2h4RXYyOW5GNlpNSlNDWjRod0QtRzZTaWl4eGVNaXpkMHc?oc=5,2026-01-27 13:33:14,Daily Nation,"Faith Kipyegon, Nike partner to build Sh30m maternity wing at her Kuresoi birthplace Daily Nation",2025-01-01
"Senators question new county accounting system, warn of fraud loopholes - Daily Nation",https://news.google.com/rss/articles/CBMitgFBVV95cUxPMVY1ODIwNjA3VjJMU216RzhlcDZnd1l5SzJqWmJYeVdRTkh1UGxCcUp4S00yT0hkNFh2dHc1ckhmZHdqZ2dvbG8weENEMjh0Uk1WaDdkMElYTzNzOEpQbFRvaTFKR3ktMGFEcmV4cVRwOFpXUTFPY1hUbkkxek5wRmJUUjhXTnlVY0RSQ2s2bXJoZklINmxZUnBoQ2FPbmp3X0E4bUF5SjhPTnBPUjdCU09FdFB6UQ?oc=5,2026-01-27 11:10:49,Daily Nation,"Senators question new county accounting system, warn of fraud loopholes Daily Nation",2025-01-01
"Court allows police to detain Turkish nationals Elsek Osman, Gokmen Sandikci in terrorism financing probe - Daily Nation",https://news.google.com/rss/articles/CBMi7wFBVV95cUxPY2JWUHplejBVZ243ajJwWTVJNnVKNFIteWJvU090anVFZGVwdWRPS0pYTktWUi1CSEI2LVc1UjF2c3dCREVNRmF3OENTV0VzallvRXBINFMxWWR0bUtONmRoeGNjeDBybjBLOC1saUZGWS0zZ2lGVzhsbEl4YkZta21wZGJtQ1F2OFdlVzR3M2VFMVRhNDVYN3dsbWVKZ0tDSVctR09IWk1MQjBMM2V0SllGelZRSFlIUG1sUE94UWlUUUF6TWlwbTE2OTU1T3FmSWRjME14bnhJYTFtT3B3WWlnckpLaXJkT3hLMlNiaw?oc=5,2026-01-27 14:18:03,Daily Nation,"Court allows police to detain Turkish nationals Elsek Osman, Gokmen Sandikci in terrorism financing probe Daily Nation",2025-01-01
"Premarital counselling favours men, critics say - Daily Nation",https://news.google.com/rss/articles/CBMiwgFBVV95cUxQUnh5NWt1a1QxVS1uWmctTl9ienBkM05kYUVreko3MEM5RzNNc0o2YkVuN3JYQzNXOFFGQUxYOTJpNklmWlFBeTdKNDAySzBIOEdnelNYYm5GY0tqRExUbUg5Um9uMzVTanFHLW1fSE1WN0c0Vzk5OE5QTFZzc3B6RERsaFJTdU01bUNIMlQ0NUNQNDd3LTB2UTBlVUd6NVNTMmFKQUx1Wk96UjhpeGFfcFZLS3lCSzhTSDlSTEVvMUpTUQ?oc=5,2026-01-24 03:00:00,Daily Nation,"Premarital counselling favours men, critics say Daily Nation",2025-01-01
"Uproar over Machakos County’s bid to drain Tala Dam, convert it to bus terminus - Daily Nation",https://news.google.com/rss/articles/CBMizAFBVV95cUxOY1BsUEVhc0dzSjFySWpZQWlvanBncUw5VHprZFdsY1BERl9taHVSaWltUjJpWlUtS2ZtcnJuTFZmQ0hfdFNZalJvRTVCUHhCRzc4dFh2bUY0WGdQaEo2T1BSNGdRZUZESElXd0tOdnFwNFE4aDVqRXgzc2YzeGlfVGl3d2ZkSWUyQjR2X3FkbzR0VTVYYnUtRnM5cHRQWk5lbno3cUxLaGx5RF96c0l5LU1KRVZEbFBJVWdOZVUwLU9aaTVrOVRCSmxPSVA?oc=5,2026-01-22 03:00:00,Daily Nation,"Uproar over Machakos County’s bid to drain Tala Dam, convert it to bus terminus Daily Nation",2025-01-01
State to increase funding for primary school education - Daily Nation,https://news.google.com/rss/articles/CBMiqAFBVV95cUxQQkNTMGp3M2NpbmxIUDJQZXJpVjFWV0JobmZ3UnBIWndDMUJId0pKRXBYSmZxTFJQSHB0U3c1aHdEV202X2FxX3gwRFZZeHdxOEJSTWVqWmxfVWdKQjhOZDlMWmczZWJqODNETXMyeTk3blhZLVAtdkxHUUppbTJLTnlRZjhkUW00eFpPOHZoVXZMYTJQUlhiUUVIakZUTXcyMVAzR3pHOWQ?oc=5,2026-01-27 03:00:00,Daily Nation,State to increase funding for primary school education Daily Nation,2025-01-01
Death days before US return: 10 things we know about siblings who died in Gilgil crash - Daily Nation,https://news.google.com/rss/articles/CBMixAFBVV95cUxNLTRZNUhiaVZBN3puX0VJOXFwSGdhZG9oV2ZFTERDQ2lvYnpBY21iM056T25IUV9yY0VBZ0hBcVh1OGxqUXBTU3JsLXB2YUpsWE45dUp3ZVpSb25pOTdzY0ZMM0hEdGt6VnBhaUpmTVBfVGxZSmllR3RlTkd4blBQVUV3S0lHZnBqYWFEZnR3Z21CZXEyN2FUVXVNWUloYnBBLWhZSXI4RkxsUmRfUGVVV3VxamdmNHB4eWpRaUNIVHdWSU9a?oc=5,2026-01-23 03:00:00,Daily Nation,Death days before US return: 10 things we know about siblings who died in Gilgil crash Daily Nation,2025-01-01
From D+ to B-: Mother of 2 revives nursing dream after 15-year pause - Daily Nation,https://news.google.com/rss/articles/CBMiqgFBVV95cUxPTTlYTl82RjlqVlkzQkNOeXVpNWtZYWgtVVhra2JTUWNGSlZpYkZ3NkVMZGgzMjNPU054alE4ZWhmbEVaLUVONFVLb01HLVA4NmtYNlI3clhISGpCVGlzb29FMUdEekFWTld0TnZxY2gwRVczT1c3OUhMZVk1NkswV05UZXhHY0dfRFgxXzF1VUdDdjBFemVhc3hFSXZDN29RLUVzdXRLSWx5dw?oc=5,2026-01-27 03:00:00,Daily Nation,From D+ to B-: Mother of 2 revives nursing dream after 15-year pause Daily Nation,2025-01-01
Start-up trying to make a mark through crafting healthy foods - Daily Nation,https://news.google.com/rss/articles/CBMiugFBVV95cUxQeWUtT0lpY1VUMVhrdmJXVXZVU1JlS1A2bnNLa0pUa1psM3dqc1FDbUNZUmNLdU91d1ZsUzVtQUNqNURiYk9RTldnZTd1ejZQeUFlb2Uyalp1Z0dsVnBFaGJ1b2JKWXZoT1M2Q0lxTUNOYm5HZmgwR2psLWJ4dUxNeThub3Zhc29SQ1V4c29fN2tNdHd2d0RnVzA3NDM2VWZxRThOQ2FMNlRZTjYySzRNUnBPMFdNZ24xU0E?oc=5,2026-01-27 10:00:00,Daily Nation,Start-up trying to make a mark through crafting healthy foods Daily Nation,2025-01-01
11 men and women who could influence Ruto’s 2027 Mt Kenya plan - Daily Nation,https://news.google.com/rss/articles/CBMisgFBVV95cUxNZ2luclpPQWM4dTB4VHhLZEZ4UkxNREZVaDVOUnVnejR5dGZaaFhRTkJmLW9sbTFxMkVxTHdycTUwMHNkSHo4NWNVTXdfc3JfSTRmenFjamJLdGhnWU55azNNS05mTlNxOUpzNk9laFYyN0I2NjhxRHBtVW8xaWVaelhYVVBjZ1FqVE83TUprcHBGS2pzVVlydU5JaG5sREkxWkwwQUJyU251em5Uek5XNjN3?oc=5,2026-01-25 03:00:00,Daily Nation,11 men and women who could influence Ruto’s 2027 Mt Kenya plan Daily Nation,2025-01-01
Health CS Aden Duale: UHC workers to get permanent jobs from July - Daily Nation,https://news.google.com/rss/articles/CBMiqwFBVV95cUxNUExsbTNCVzI0cnFhZi1JWVlsNlNiQUxIeHBZTERUN1kxczIxM2VFRG8wSFg2azhrWDdCRERhMHZpSHU2OXd3aG95WlZFTk1FZGgwMzRCWW93N3czTDIzNXR3cXFxTE54TXNlNEM3eVpJUkloZzlqZ1ZGRmtSaWxGeElRTDdwSW4zZk95Y21QTDhmdGpMZ3NQUTdoTGV3TlVDSDZwSWMyRVp3dm8?oc=5,2026-01-27 16:51:28,Daily Nation,Health CS Aden Duale: UHC workers to get permanent jobs from July Daily Nation,2025-01-01
'Mystery' sponsor leaves 16 needy Kisumu students stranded - Daily Nation,https://news.google.com/rss/articles/CBMirAFBVV95cUxQVUNOdHB3RTNzcmRMaDlBSV9LV1gwNUJxQWVqa1E3UV9zVUNXUXp3UmxEdzdFM3VQYWFMRWZEaVluYUZldk85Tl80Z3ZYTEFYUklKMlRpMEtsU1pZNGRlQ2xBNjJ1ZDRKbFVzcFZIRk9DcmpObVBra1dqZlpmNTFUS2dYT3NYS3BkbXpqbWZDWm9nNjhyZ2FpbENudi1FSGt4MW1xeURNWkJMb2c2?oc=5,2026-01-21 12:53:37,Daily Nation,'Mystery' sponsor leaves 16 needy Kisumu students stranded Daily Nation,2025-01-01
Karatina police shooting: Sleuths probe possible personal ties - Daily Nation,https://news.google.com/rss/articles/CBMisgFBVV95cUxPM191YWNDMk5BeHdoWFFYNTFXQ1N3QlQ1SXd3OUc0akhCcWVob20tVnJiYmlJY0tfZVBmaC0zc29yWjFuUEhSdnhaSkdRaG5DSXgzalZJU0xNb0w3RG5LeFByRHN3RTdKMXBjWkU0eDM3ejg4NktXNVhGbnJzSGRocUgwa1hmOFF6M243Njk0dElsa2RHcjBzSTJKUEJVd3BrZlk2Zm5RQXg4OFY4S2R1QnNB?oc=5,2026-01-22 07:00:00,Daily Nation,Karatina police shooting: Sleuths probe possible personal ties Daily Nation,2025-01-01
Sakaja risks six-month jail term over staff CBA - Daily Nation,https://news.google.com/rss/articles/CBMiogFBVV95cUxPRENVMzNIU1pWaDFVNnItRlRxNUNOaEMzc1VLVDd3eE91dVVvdDJHSVRqVWNIWW5VbWJXTHVNNEFMSERxcXlGRlpFenUzU3hPSzlHc1p1NUZ2eThKYTl5RlF2MlptaC01MFd2MkZKTHR4dzlHX2h3UjBGcnBRd0Y5dmRILXh0VTd5QnEzSmEtMDNELVFkQk5DYkZyd2VHeXhWcWc?oc=5,2026-01-26 12:55:47,Daily Nation,Sakaja risks six-month jail term over staff CBA Daily Nation,2025-01-01
"Mombasa port fully prepared for Turkana oil exports, KPA tells MPs - Daily Nation",https://news.google.com/rss/articles/CBMirwFBVV95cUxQVHY5NmZDN05RU0VoQmUtQ0N2dUdhRXBGVkZaY25mMzZMalBvc0wwb1Q5V1hoR1F5QkRiVEk4ZEFjTnJwZEJrMVl3TnBkS1IwZ2N3RXB3M1J5a2hRVzAwVzlscjhzS3RkVk1jdVhhVW8wLWRJSFpBZS00Nmx4OTFZTUxxWWVzYVdMNkoxaUZ1cEU3YzgxX1VHRHhwbzIzR2l0c1gwdXRnS3N6SlE5c3o0?oc=5,2026-01-26 10:06:08,Daily Nation,"Mombasa port fully prepared for Turkana oil exports, KPA tells MPs Daily Nation",2025-01-01
Matiang’i: Murkomen office break-in was an inside job - Daily Nation,https://news.google.com/rss/articles/CBMipAFBVV95cUxPTnpBRjd5dTB2WFlyMGRYRi1tZFZRaUZ5QkEybzFfQURjWGowWlpDNzh1QVVMMHR2RnJNU0FHdy04UmVKNUQ1WFJjQWktQlBIRUl4QWVVejM5TVp5b0lFSUs1X0ItZVdFZDBHamFESHFTc2Y2WG5oaWh4VklNa3o1SVN1R0tYRXN4bFlST3M0Y1NuM1FSOTlIUWFHVFpDeFNZQjBPQg?oc=5,2026-01-26 10:33:26,Daily Nation,Matiang’i: Murkomen office break-in was an inside job Daily Nation,2025-01-01
Guinness World Records confirms Truphena Muthoni's title - Daily Nation,https://news.google.com/rss/articles/CBMiqwFBVV95cUxOSERhNDQtWWtNZXliVllQdVotMm5qbE5NYjFxMDN2WUNEbk5ZQ2FLd2pKZlFnb1ZiNTJPY29BSDdkOGdBMkl4Yko1OURVNXZZejhpV3F6UU1RZTkwUHBHOUdSaFZGcDB3dU5ldjZpb1EwRjFVRGtJeUVjZjBpbTc2cVhmR1A4aDl1ZkRNaFMxczFYQlhTVEROUjh6MkhRb3ltZV92WTU0WDFxb2c?oc=5,2026-01-26 14:19:37,Daily Nation,Guinness World Records confirms Truphena Muthoni's title Daily Nation,2025-01-01
Oburu vs Winnie: Echoes of the past in the divided house of Jaramogi - Daily Nation,https://news.google.com/rss/articles/CBMiuAFBVV95cUxQeUU0MHZZMWFNQTRHQmE0NWR3YnVZUmJjNmx6bXRCSHBmaWh5QjQ1bG15LTZPMGxlcHVDSl9mS1p0UGtidW5BZFF0UHRQOTFKTVpVVHpOWG91ZTAydXhBdTk1Vm93MFZ1bGVKTjdZcjZ3RllWOGJldDB2UG5Fb3Bac2lPSzBLLVBrNm4zZzI0YzJ2eGdUTzJ5T1dZemZyUi1qTnJEZzFmUVdHZ2tSa2RwR1RxTlN1MEJ2?oc=5,2026-01-25 03:15:00,Daily Nation,Oburu vs Winnie: Echoes of the past in the divided house of Jaramogi Daily Nation,2025-01-01
"UDA proposes pension scheme for governors, MCAs - Daily Nation",https://news.google.com/rss/articles/CBMinAFBVV95cUxQR0VhZ2gycHE2MGVJV2d1T1NIcktLYURGSmZUaDAyalZNdmNoTmZUOVFLeURHWVJsazBkWnJ0bnJwZVhEOHZoUHQwSTMzSl8xeTFFOUxRdkdmVElFUV84WHlGLURlUExqUU04OGJvWXVfcUZIR09jRlFEQ1ZmRERXSUZhemRnQld0SGZYblFTaG9CcFVsRFlVMFJIb3M?oc=5,2026-01-26 16:55:08,Daily Nation,"UDA proposes pension scheme for governors, MCAs Daily Nation",2025-01-01
JSC unveils 15 to take up Court of Appeal judge slots - Daily Nation,https://news.google.com/rss/articles/CBMimgFBVV95cUxQSTJGbGtXMHFjN0g5ZENjcHRVOUpkM2haeV9MUGpTNE92MHhjRkc0OWV5bjE0SjhIVFpxTS1oSUJXdFZadUJXY1B0Q3NyRlhQZmRRSFgwT1czTDlzU0huNkt4TFJnYmxkODdkZXpDWlhFamxOZS1lamVoWnJYZXExUVJvV3JpMm10V05tZ3g3VWdzSHc1bG91VEZ3?oc=5,2026-01-22 17:08:38,Daily Nation,JSC unveils 15 to take up Court of Appeal judge slots Daily Nation,2025-01-01
"South Sudan orders UN personnel, civilians to leave parts of Jonglei State - Daily Nation",https://news.google.com/rss/articles/CBMivgFBVV95cUxPNmVuZURIM2RYRGdkY2x1azIzVlZvalNXdXhoT3Y1MENXX01laldJamNsQlh4alhxY2ZNekF5YXBBdTB4bFFNcEZEV3hPNVU2VXhvT1FjUHpiU3FTN3d1UmVTV2xKR0NpN3BrOWdQeFRiT0NVYno0X3UzZkV0SnNYRVhHaDNQcXo3RVRjVFY0S3lDVTNJQ05zUXpFY0JpY1VJSkpXZ2VCWDdpaDRJaWlIVURLdUszVFp2NUxGTkR3?oc=5,2026-01-26 09:15:20,Daily Nation,"South Sudan orders UN personnel, civilians to leave parts of Jonglei State Daily Nation",2025-01-01
Tear gas and bullets: Why violence is a hallmark of Kenyan policing - Daily Nation,https://news.google.com/rss/articles/CBMiugFBVV95cUxQLWk2UTh1SEIxTWxaOHE2WVUzb19jTWp2MmRmM2lMQi1DbDJNNWRUZnRGLUVpdGNNOXZZRXJyUWc4N3NvQ3diWVVwQlNQa0RlcGM1NHJHU29vOU5VcXh5X2JCQ09xY1VLaTZvSFgzUWJyY041ck94eDlwa0NaLVVyUExISHN1dzVjNVdGNFB5V2RIOElIRmFMakIwSWIxXzBWdFUyX2ZvTHBNMFJ1S01RTnQ3SmdfWU5waEE?oc=5,2026-01-26 08:25:38,Daily Nation,Tear gas and bullets: Why violence is a hallmark of Kenyan policing Daily Nation,2025-01-01
Police officers accused of killing man in Mukuru held for 3 more days - Daily Nation,https://news.google.com/rss/articles/CBMirwFBVV95cUxQU2lmMnV6VU5mc0hDd1J5QUFldFpjZmxmU0VXSDNUZDhmNjJnRHllakQ4SlZ1dTRvYVZlNzNkN1h3NnM5MHhWdEI1am5nYllPYUM1N2hTUnlGOG9rVXBXSHhjbDVHa3FWdG5CaTVZbXhldTBIOUZyVlFuaG5XdDAyRGctaEVUUm9abVNCcDhDMEpWNmVmeXZNbTBfaV9laUw2Y0wtRmV5WDBnQlNGakNj?oc=5,2026-01-26 18:21:17,Daily Nation,Police officers accused of killing man in Mukuru held for 3 more days Daily Nation,2025-01-01
3 warders jailed for aiding escape of terrorists from Kamiti Prison - Daily Nation,https://news.google.com/rss/articles/CBMirAFBVV95cUxPMTJiem9SQXVsRHZNZGhrTGRVRlQyOHRKM3B5bWtDTkJMOXMteG81X0VXU3dFTWU2MWxPdGRLcm92ZUNaT1NKdG9VX2hwYnNRNWtBVlNOQ2tnZkMzN3oxb1UzWTFEcHQ3YjlpYWlhTExqUklGTUNJN2pOa25Rd2pPRldORHBra0wwRkxfVHZQdjBuLUVfU3ZPc3VYQkExRUJPVG05Zy1fVkpDYmxD?oc=5,2026-01-26 17:12:18,Daily Nation,3 warders jailed for aiding escape of terrorists from Kamiti Prison Daily Nation,2025-01-01
National schools’ low intake of Grade 10 learners reveals gaps - Daily Nation,https://news.google.com/rss/articles/CBMisgFBVV95cUxQR1NBeDdEUXhKV2hNR0ZJc1lFTEdBa1NUOUlnMG15Zk5idEVKdXNrU1BpbEhyQmZYVUlMdG9GYXlJUjBxcEVxUDY2ZEN6ZERISDdsc1N4OHBHRWhWVEdRSGZDSU4wQXRsNE53bGpoQWp2V3RBLXVhRTNtaHpiX2czbkVWMGpPSUk0RHg4TXRmMERNMGd6ZjlVbDJWUnc1ZEd1eVhVc3RTblZkWFZoVi14Q2VB?oc=5,2026-01-26 05:31:17,Daily Nation,National schools’ low intake of Grade 10 learners reveals gaps Daily Nation,2025-01-01
Machakos County to merge six water companies amid losses - Daily Nation,https://news.google.com/rss/articles/CBMirwFBVV95cUxNOENSX0tMZ2tzdF82c0R3MEo5ZmI2TTI2Q0ttRnl6YzdxQm1fOU1HNk40QTAyQ3YwT0FlMnJna203SEhfN0dZWnRySGtqZXNvN3Z3TG82ZDhVckFqTWhDekU0UC1JcGVXSHdmR0dOMkVzSUlyMXBYdmpIVkNxR0psV2xMWVh4NEMyOExpVnFrdVIzTkhlMnMxYzNvQ2Z1UTFTLW94aXBSVXZFTUxuWFYw?oc=5,2026-01-26 13:02:45,Daily Nation,Machakos County to merge six water companies amid losses Daily Nation,2025-01-01
Act now to save this generation of learners - Daily Nation,https://news.google.com/rss/articles/CBMiogFBVV95cUxNSEtDWnpGbExoRmJEZzJTLWFkYjVGa21QYnV1cUJyYlhwNVB3Y0tzc2w1dXNEaGV4Zlp1bXpIOHhqWlNLS2U3c3pBalVqcGVVNkg5clU1Z0VhQ195bDFlWFBndFZTS3psRW8xVmFJMEtJdnZWVGtqQVJ1T2FIYU1lakI0b1R2ejBNbWQ3SW1FTGE0dzlHQ3UxWGRFUDEzem16aGc?oc=5,2026-01-20 21:00:00,Daily Nation,Act now to save this generation of learners Daily Nation,2025-01-01
High Court halts construction of Sh11bn Riruta-Lenana-Ngong rail - Daily Nation,https://news.google.com/rss/articles/CBMiqAFBVV95cUxPMzBhcERRZjRJVHFkMXhuWjBYX1I4M2FiX2xHOHhVWG1UT3phUzdHbEY3OG9nZ3d6MktJdXoyaTJUN29LVnlSS0E4ekV3T1hEUTBBR3hGTFZoU3FKeFhoOHozWXNXUHRMeVBlbXVHNVZueDA5Q3M0b1VYWUlWX0Ewdkg2SUZpQkJrV2pPOEI1aDI3SVJQUGNZZFFhMnI4UGhKMS1BYm9EcXU?oc=5,2026-01-20 11:32:45,Daily Nation,High Court halts construction of Sh11bn Riruta-Lenana-Ngong rail Daily Nation,2025-01-01
The path for women's groups to qualify for KPC shares - Daily Nation,https://news.google.com/rss/articles/CBMiowFBVV95cUxOYndSM01acU1hQlBtWUpsZWUxUU8wQVRlUE5CSzREZVhFbnk4cmtUTVRkeXRKTGhRMFFsT2hsSUhWR0pldW8tMzVqdHZpckllWHlURzhKdmQtcXA5eFhQX1pWOEZvOFJPcUZvOE5mcEZSVnprRkdoWFRaWnNXQ1pNTDd4OFpEaVpUcXZFVEFjTXdvbDhMZVEwMWs4bXFQQm1ra0RN?oc=5,2026-01-26 10:00:00,Daily Nation,The path for women's groups to qualify for KPC shares Daily Nation,2025-01-01
Teacher and chief killed in night Al-Shabaab attack in Garissa - Daily Nation,https://news.google.com/rss/articles/CBMitgFBVV95cUxOcWswUmV3N3c4Q3E5VGRaMERrQ0ctVkJEYlY5R25zajNPa1Q5VEJVOHhObW4xU0RlRDRMVl96c2g0XzFRdDNwbU1QQ3ktbUszM0ZnUEtDNWtaRE12bTNKYkh3cmtERDVMWjFvRml6d09HSlV2X3VGcHFNUTdsaGk3UXlaOHNnRlg0Q2EyTmJjLWktYW5TM0p2OC1vLVdMSTJ5b0QxY2tOZDFzWFptU3ZuY3IxWVo0QQ?oc=5,2026-01-26 10:29:29,Daily Nation,Teacher and chief killed in night Al-Shabaab attack in Garissa Daily Nation,2025-01-01
Cervical cancer while pregnant: Can you carry a baby to term? - Daily Nation,https://news.google.com/rss/articles/CBMisAFBVV95cUxQVDhVUFpnYngtNHgtODlfMk9XeEZnMmlDcS1qVnVYUW0zenRfeGVndlV6ZEhjbkNSbWxmNC1vUVVDbF91OVRTbjhlZXNoaEVkSTNfYjhWNjk0Ty1KeWVKR2lRQnhzZE1ldkZWZWJKT2JvU2N0ajUxNXNrX0RVZk96WnpSd2d3R0ctUjk1OEZDb2QxOXcxZGtYU3pXcFRjLWZpcEJVMW0wTEFOUnI2WTN1NQ?oc=5,2026-01-26 10:36:42,Daily Nation,Cervical cancer while pregnant: Can you carry a baby to term? Daily Nation,2025-01-01
"Grade 10 textbooks distribution delayed by Sh11bn debt, says CS Ogamba - Daily Nation",https://news.google.com/rss/articles/CBMivAFBVV95cUxOWWFmM05SNGNtVF9RZUc3a0FvU1FmMmNvQ1BmNGNGRDhhamJCU3JWY054NDkwaTRMSGRDY3F6cGxtVWZtQ1NTOFd4SGNvTWN0bzM4Q0hIQ1lXVnZPdW16b0RBNG0tNzd1TmE0MElvWFRRLVZleDhUS2JwUDlVMWQzTXQxMzNtY3VzN1htMHFSREdJSE1pV2R3MUZuRzVRdjkzTERyb0JhazdqZXFqVG9IbklzMi1nenNqVUdTVg?oc=5,2026-01-26 08:00:00,Daily Nation,"Grade 10 textbooks distribution delayed by Sh11bn debt, says CS Ogamba Daily Nation",2025-01-01
'We feel blamed': What men really think about misogyny prevention - Daily Nation,https://news.google.com/rss/articles/CBMisAFBVV95cUxNam1yMzJiQXktTGpQUXBzTVFJLXNLT0JiTGtNQjhnVDBuYUlENXVmRk5tSVJPaTJsMXN5TnRFR0tlcVpmQmlNZXVSSDRUQl85aFM1ZTc3anhXSlB0c2ZVVi1tOTJpV1JQY0FhVk9hUUFhYk03eER5a1pGU1ZQdTU0WWpBaHpkdmt0a1B3S0ZSTmtva3BkalJGN1diZm1acUtDUlQyT3BNRVE0dGp0VVJlaw?oc=5,2026-01-26 03:00:00,Daily Nation,'We feel blamed': What men really think about misogyny prevention Daily Nation,2025-01-01
Kabras coach Carlos Katywa closes in on 50-match unbeaten run in Kenyan rugby - Daily Nation,https://news.google.com/rss/articles/CBMisAFBVV95cUxOWVBxdFFmMHJLekUzVjI2T2pFeFkyQUFYY2dJNk0wb3JEdzQtdi1NeWt6aGdTbV83Z1pxeFpWZ1B3cEh2d1pfOTdZZDdyeHM4eEozOWtDM1Z0YUpiMmRaS192Z0dQSDBwVTQ4bG1aU1FWVmVwZkdWX01Ed054QWpjU0hTWkJaalFLX1ltUzFHSVJYcnZqTWNqWjRFUFkxUkJwWXhOVmlJaEpNRWR3aWwyVw?oc=5,2026-01-26 03:15:00,Daily Nation,Kabras coach Carlos Katywa closes in on 50-match unbeaten run in Kenyan rugby Daily Nation,2025-01-01
Inside ODM’s ‘Linda Ground’ plan to protect party strongholds - Daily Nation,https://news.google.com/rss/articles/CBMirgFBVV95cUxQWEs1RmQwVm5jS20wYllOcUNlZVd1TS1DSExWSS1mVXY3RWhwaTAxRUs1X2F1cXk4dlo2Z1VEbXgwT3o1eHhWYkdLM2FqRjRrUTRnU3ZkcjdRS0JnQVJ0b2JQb3h0T1VpUkRsbEtSNWdJa3pENzVqbWR5RkQ5VTd1RGVTbHFvbmZtMDBpM2llTV9jM0Y0UHRyX2ZnbkUwWi1qZ3piRERqNFZaSFg3R1E?oc=5,2026-01-26 03:00:00,Daily Nation,Inside ODM’s ‘Linda Ground’ plan to protect party strongholds Daily Nation,2025-01-01
Milk deliveries to factories hit record 1bn litres in 2025 - Daily Nation,https://news.google.com/rss/articles/CBMipgFBVV95cUxPcF9DZzQxQzRWcjVyWlJRY3ZiUlIwZlJiWjN5ZUxLTXJMc3d5bzIyZVFFNFBBSjVQVFN0MTdXNkpyOVk5MmUwSWhjRDA4MzJpTnRsWS1yZExHM0RQRlBuVElfM3hvSDMycDJrNF9IYlVlZHZGZVBIVEd1NFItd0Q4UkFDZFI3WVRBdEJjcFNaWUYtTzFkZGxST1UyOVJJM1BpQXpBUEJ3?oc=5,2026-01-26 03:00:00,Daily Nation,Milk deliveries to factories hit record 1bn litres in 2025 Daily Nation,2025-01-01
Treasury considers lowering Inua Jamii qualifying age from 70 to 60 - Daily Nation,https://news.google.com/rss/articles/CBMirAFBVV95cUxNQzV2bDNUYTBua3RCSW50NkVDNHMycUtiWk5pTTQ2ZUthWmVGalRrLUo0ZFFsVEtNVU1ESEpqYkxGcjBXdU1HbDNGUDMtY24wd2s3aE5HR1l3a2tKYTNsVU1TX1A5T2tKUTlOVXlmWTJRS3diNGJOUVctWlpPRmhkdFI1VXllTDQzd3gzdkxTci1Vbk90cGxuZnp4YUxHU3NKTy1JNk5EX1RWQjAy?oc=5,2026-01-26 14:28:28,Daily Nation,Treasury considers lowering Inua Jamii qualifying age from 70 to 60 Daily Nation,2025-01-01
Africa on the back burner in Trump’s first-year scorecard - Daily Nation,https://news.google.com/rss/articles/CBMinAFBVV95cUxQbGtHNVItYmREMGp1cWZwajYweDJkRFoxTHRJbFVLSzBfN0tJbVBNaFczS3FkdTlBXzlzWU5vU3pYYVVkS3oxWTRyeVJ0T1BlNHdMbkg0THNxVGpDelVrNEtnb0l2Sm01X2JGbEZHdlNLRE9MczVBeFZoRzdZM2gwYWhTelVydElpblBWbHBveEpSeU9HTldnUE5oMnI?oc=5,2026-01-25 14:00:00,Daily Nation,Africa on the back burner in Trump’s first-year scorecard Daily Nation,2025-01-01
The legal risks of exposing an ex online - Daily Nation,https://news.google.com/rss/articles/CBMirgFBVV95cUxOcGZEMmdiTTV2MGF0MDczTFA5Yk15U2hjNk5sYWVyN0xLSl9uWUswWGV5bkFYOWpXeVRuV0hyOEo5XzhoMUtkUC1zXzFIdS10bHdrQ2owV0g2djllNGRMVUF0ekpuS2hKZlNEUVFuS3hfN18wTUJYZWRTdkdDb2wxQUJoSXlaZE1xWlA5UDBvQWcyMVFLUi1mWGJiUE1vN2IxU2Q0TElpRjlfRURFQnc?oc=5,2026-01-25 14:00:00,Daily Nation,The legal risks of exposing an ex online Daily Nation,2025-01-01
Shortcut to nowhere: The fleeting promise of Nairobi's luxury weight-loss drugs - Daily Nation,https://news.google.com/rss/articles/CBMivgFBVV95cUxPV00wWkw3c1M5R2ZKWXpDY3o1WjlxMUNBTmRYQ3FxS0FZYThxQ1FZV0p5ek5mYUJUZjQxa2lPRWlndGpFZEtiM1RLUTZWZ0pEck55OXRSTkNqOG5QYXNEY0pkNHJLZ0FRX0c2RXl6SUNmZ1FpVmtLZ3JFcnRsSmd3OVFyNy1DYkZtNmlTaG50OHhVRGRESXA3djJ4eTZoY3FwVkJfSlBaX1l2dEI1SWx5WmU0RDNDQWlleThSYi1R?oc=5,2026-01-22 10:00:00,Daily Nation,Shortcut to nowhere: The fleeting promise of Nairobi's luxury weight-loss drugs Daily Nation,2025-01-01
King of Kikuyu soul: Wanjine unlocks the formula for streaming success - Daily Nation,https://news.google.com/rss/articles/CBMiwwFBVV95cUxOXzJ6Rjdnd1VwNXlWNDB1empKRzhuZU13UVdVZ3FVTDVQREhNNEFUUVk0dGRBTlJ6d19UajdHcmpjVkdWMFNBSDBzV0RWN0RIeXFubU5HdllSOFlaVVBfRE9UODFEVkJaWUZpSUFjM2c4QTAySnVuTEJYb1dZWTZPUzZlSXpvbnVUUkpfenBhTnF1SFJiQjBQc2FpMXd6VnQ0TXVybVR2eV9IaVBpUmptRlNGZ2tDTWdMMnZ4SmkwSU1tRWs?oc=5,2026-01-25 14:00:00,Daily Nation,King of Kikuyu soul: Wanjine unlocks the formula for streaming success Daily Nation,2025-01-01
'They strangled her': Bobi Wine’s wife hospitalised after brutal military home invasion - Daily Nation,https://news.google.com/rss/articles/CBMizgFBVV95cUxOaVMzTXdfRnZUZUdOY0tvMTViRVVUc0JhV0RWbUdMY1VNMTVjd19ObUx1RFhOMDIyRkpKRXdKZnV3dmVENnVWZHhDVXBoYTBSSlhaQmdIZEIyaWZ6cGVzMDRnOHo2MkxUWUM4Ny1kamN2cjEzR1huMGJQMWdJM2Z6YjhBNUd2RUVaamtTd0MtQmZIemtKR1NVc0ZzMU1wV1dKTENodzNxb1JxdTlPcEFlZXNTeXFvX1hLRVNvSlptbjBMWHVod0R4dzRyeUdadw?oc=5,2026-01-25 09:11:58,Daily Nation,'They strangled her': Bobi Wine’s wife hospitalised after brutal military home invasion Daily Nation,2025-01-01
Kenya U-20 captain Amos Wanjala joins La Liga side Valencia - Daily Nation,https://news.google.com/rss/articles/CBMiqgFBVV95cUxPVjBsdmtPbmNWY0xHLWdRVEpod0NRUG5mRnRWXzN6RFh5dF9UTTVNSEZoWXJRcDNjckotVE9fbWhQSnREeXVrNjNlWW5UQ3ZHR1BpTnp4SjZuOTdSQjdBaVpyVmZ3S0VZRk14ZGpfQkZXOV9VUWxCNlFDVHlIOE1oZS1NLXlPQnN1d25veXN4NUFIRnRjd2lSRERYQklFcmZVU3lrZFNCM1JmUQ?oc=5,2026-01-25 13:10:39,Daily Nation,Kenya U-20 captain Amos Wanjala joins La Liga side Valencia Daily Nation,2025-01-01
"MPs retreat: 2027 elections plans, senior school chaos, and SHA top agenda - Daily Nation",https://news.google.com/rss/articles/CBMivgFBVV95cUxPSVhOX0k2RGUwb1lHWGpMZE9LYlBnMjlOUS15Y2VseUZTY21TWmkxNjJpRmpzd1hVY2xFcjZfR01jVjJNSlpNN0t6U1doX1lrMUJwYk9DT2tlc2RPQUx2SEg3OVRSV1hCblN1WG1yT09aUmhBUDBlTl9lQ3FjTTBWa0R5bkZRZ2dCdmItNXR1RHF2TFhXanhDNkw2aE4yS25hYV9aUG1zQUdmRU9vRTMyNUZJWS1RMjQ1cmdDRVJ3?oc=5,2026-01-25 09:51:40,Daily Nation,"MPs retreat: 2027 elections plans, senior school chaos, and SHA top agenda Daily Nation",2025-01-01
Police lob tear gas at worshippers during Gachagua's church visit - Daily Nation,https://news.google.com/rss/articles/CBMirgFBVV95cUxQWFRKVC13SktUZkxTZ1d1cTJCTlBVTVMzTVFJTmd1SlRrYTJGZU1mQWRBZE94NXVpcnBzdndodU5YM2Z2dllOLVJIM1M2VlBmV3YtR2kzTVEyRk83b2tRYWNKYVF6UHhtTWpnYnFJNDc5dGZkSU8zZW15MlJyalNZdExSTS1McElDZWlxMG80TDRwT2JzNV9YWEJMZTJjelR3WkFsM25yYXR1SU1aRXc?oc=5,2026-01-25 14:21:12,Daily Nation,Police lob tear gas at worshippers during Gachagua's church visit Daily Nation,2025-01-01
"We found church on TikTok: Tales of no offerings, tithes in new gospel - Daily Nation",https://news.google.com/rss/articles/CBMiygFBVV95cUxQM3k0S3VUUTVseGZjSWdFN2Q5V1I0NWRfWTU5UEl3ZTFKV05fcVFVNzJvclhwTjlIb2FqTFFraXVzWlpYc19ySktiNFprMTdxVFIwelMzYlFwOWtuSTRCVG5adlhKZGpEM3g4empJNjN3YXp2T09KMzdhN0RCbGpWb2ZIMEk2bjBjQVZxN3VtQUFVT0ZiNlpjSGZjQ2ZERExhdm1wWm41QjJWa2JUUlk3WjVwVDgyODhJcEZyUEVGS3JqVlV2djNiTHJ3?oc=5,2026-01-25 09:00:00,Daily Nation,"We found church on TikTok: Tales of no offerings, tithes in new gospel Daily Nation",2025-01-01
Solar: The invisible burden of going green - Daily Nation,https://news.google.com/rss/articles/CBMijgFBVV95cUxQOE1RSW9LdnJVWlQ4cVYwSmd0TTBJSkxzOEw4UERvcURtZThWcEdOdVpGNFFXVmp1YnlVakdqXzJqNWVwWDlONXd4enJLb3huTXcxQXJGS1lYZTdIMGVzYVk4ay1sZ19RUWtobWZYdS13RGlXUE1iVGxSM2dyWHdzN012UFY5OEpFSXlTX2t3?oc=5,2026-01-25 15:48:50,Daily Nation,Solar: The invisible burden of going green Daily Nation,2025-01-01
Why bid to remove magistrate in Sh1.3b Loresho land case failed - Daily Nation,https://news.google.com/rss/articles/CBMiqAFBVV95cUxOOENYM0d1MlFYejNpbFhnOGlOQlpXNVMxODFWNTd1Vi1FMDVRQ1gxcFZFN3VaUXhVR1lFalpCU3BPSlVqLTI1SDZ1X1h2d3pLYXhkaTE4bmhoVkk5Z19vb1hfZl9sLW1GS0hQNTRvUmNoNGxzMFhScWM4Y2p0Ny1jQVktN1dEZEtPWlRUM2ExWlZRMXNyVVZNeFFQeDdZQkpidDlGYjJMT2Y?oc=5,2026-01-25 12:38:27,Daily Nation,Why bid to remove magistrate in Sh1.3b Loresho land case failed Daily Nation,2025-01-01
World Bank climate project suspension adds to Governor Nyaribo’s woes - Daily Nation,https://news.google.com/rss/articles/CBMivwFBVV95cUxPYmFBNmxrcTg3VE9tLU1qajhrZnB0Z0xGUTUxZUctVjNfRW9INkgxYUtfencyVHU4ekhDVEJXa0pqYzA0UXpHYzJabS1OMTItLVZmcHlzSk02SDYzbXoxZlByR1JIU201SElqWnZwRXFSaUpvQTA1X1piU204NEVmVDA3c21ERUVPeklFUFNETU5jZlUzVkViLUkwQmhiaUFlOC1KbDVVazJpa29TTWpJSTJ6Wng3aUx3NjgtYWdJYw?oc=5,2026-01-25 10:18:50,Daily Nation,World Bank climate project suspension adds to Governor Nyaribo’s woes Daily Nation,2025-01-01
Double blow: Two judges slam the door on Ezekiel Mutua’s MCSK return - Daily Nation,https://news.google.com/rss/articles/CBMiwAFBVV95cUxQLVRhQ0RzMHF3TVUwY0hFaEstVFNaS1VPVF9Pb0NrN29fRjRxbUZ5MEFjd0FuUjN2VkxzQkgzM1c1RXdkcS0ycGdEcGM5R05XWWZLUnN5WUY3bnlLbW5QbThjRGVXR3daNHhoc3FLdEJWZkd1cWhLaEg0dXZZakJvVEM1ZFlLR19rbVY3WGJJUHYwbktJVG42M1pTd2NTbTkxZFBhdUxuNjVlRXRZVWdsenZWb0ZIcDRrQzN6Z1hOa1I?oc=5,2026-01-25 09:35:28,Daily Nation,Double blow: Two judges slam the door on Ezekiel Mutua’s MCSK return Daily Nation,2025-01-01
Okaka: From ‘mjengo’ worker to world-class boxer - Daily Nation,https://news.google.com/rss/articles/CBMinAFBVV95cUxQWERlVm5wS2I4Y0dKSUppNVJHcUQ2OUZ1TWZkV0RmeURzSzltOWNOYUZiUERkNnNUZE1CVlJRYWViWmQyc09LczJwb2JtbEdOb0MtbXR6bUU2dTdNeWVSWUNCRFRwZzE2WTU0LVA2SVgzZ21YZVBwQjJrSTNaU0JKYW5LMjF2X2hGa2EyZ1NRcDVQQldteEpJSVpoWFE?oc=5,2026-01-25 03:00:00,Daily Nation,Okaka: From ‘mjengo’ worker to world-class boxer Daily Nation,2025-01-01
"Mystery man breaks into Murkomen’s high-security office, stays for five hours - Daily Nation",https://news.google.com/rss/articles/CBMiuAFBVV95cUxPUHZadjZQRF9sT1U4dlIwbVFvZTN0R0I1aVNmMmVnelN5bU9SUDlheFhYNHp3Tmx3ZmhPb1VHdG5JN0tiMmNaLTVPb1BJVk5icS1UVkNuc2Rrb0ZjcFRvZjNWdHpTcS1uRjFyWThLLVZ2cnJEd3hCdDJoaDVmWnIwVVpwWGcteTdkRFlIbUdiNWxERjEyWXEyZDZkelZybVVwd2stOHJHSjhDTWhSWkFpQnJ1eUU2eVRK?oc=5,2026-01-25 14:06:03,Daily Nation,"Mystery man breaks into Murkomen’s high-security office, stays for five hours Daily Nation",2025-01-01
"Kenyan parents, wake up and protect your children - Daily Nation",https://news.google.com/rss/articles/CBMiqgFBVV95cUxORGl5ZWZUa3JwOHFsQnBxTDFRQ3dlZUpRNGdQeWt3NXlQRG54RjVveTNMYVd6RTRjZ3ZaLWJHLTlMMmJZc0UwZ0pmLWpmaFhXbnI1MWJTUHlDZ0hIb3M5Q2xzS0NISTQxQWtsOFAxOXFFVjNMeG9Zal9RSFVZZE9NZWl5eGJpS0p2R0lNVWo3Y0M3Z1JLVmRyTmRDWk5tb0kzTmVwZ0pnMlhtUQ?oc=5,2026-01-24 21:00:00,Daily Nation,"Kenyan parents, wake up and protect your children Daily Nation",2025-01-01
Gachagua: DCP will hold free and fair primaries - Daily Nation,https://news.google.com/rss/articles/CBMingFBVV95cUxPSFloWnBPdWMwUm0ySEh2clNCLVlEdk0xdFJUZmV1VVYwN2xYTFloRVdCQzRDT0NPN0t6MjdhQ2syelBDNjB5ekpJNnB1Zk1XcGtMcm53elJwSXhBYkM3T2FHQ3J3QkhvR2FPSGlZck5jOG1jWXdkYWcyLUNuNER3bnhMdTI0R25kYW9qV1duNVZqVVpOdXFyRnA2QWtPdw?oc=5,2026-01-24 19:19:36,Daily Nation,Gachagua: DCP will hold free and fair primaries Daily Nation,2025-01-01
South C building collapse: Re-inspection of ongoing constructions begins - Daily Nation,https://news.google.com/rss/articles/CBMiqgFBVV95cUxNc0JjZHFBZFpaU09mOVZHWVVXNDZyMktlS2VtMU00ZTY1TXhTanI1VmpsXzZ6ZXVwNFhNakVCTDhCUDVldUk5UzNCU29TWElFcUdmYk9CMEFDUVlJcnJTYnM0QzhBeEtGMFVFZ3lfTkFzeldZMEVHM3dxUWNDNHJiZkhCWVQxLXBKZTlvNFNMLVZYRm1pY19IU0k1VkNMSC1neHRsdE5XRUdqZw?oc=5,2026-01-24 14:37:20,Daily Nation,South C building collapse: Re-inspection of ongoing constructions begins Daily Nation,2025-01-01
Beyond the CV: Why Ethiopian women are switching their ethnicity after getting jobs - Daily Nation,https://news.google.com/rss/articles/CBMiygFBVV95cUxPa1Ntb1hueGdlN2UyRTNPYUladVB3TE43VU1ab1ZwSkhLSGh2YjFPSldRQ3pHNHFUTUtMWWRtblFmN2VRV0tnazhyay1GZVptcEU3LVFQdDZpZ0ZVVlZrVno1aDB0MVZSTVFXY2xPdlh5cTEyVm5lTTZkazI3QzF3TXpZbF85SjYzVjVnVzJYYXVKNk5udVpRSWg5d0pyRnV6U2lXS2JCc2N6T2FUOWxaOC1GcEV4Uk1QUEx4S2tOVXlQaTE4ZllkeWZR?oc=5,2026-01-24 16:34:22,Daily Nation,Beyond the CV: Why Ethiopian women are switching their ethnicity after getting jobs Daily Nation,2025-01-01
The high cost of the ‘high’ life: Kush Tracey’s journey from addiction to ministry - Daily Nation,https://news.google.com/rss/articles/CBMi4gFBVV95cUxNTWFhQkFsMTRvc1pzTzJrQi16Mm9yTEhOeU1qWUxOZnNudUh6aWEzRlFfUXdfRGJwRnBXVGh2Y25TbzU0SFRuVDZlN3NiV0N6VEFTQ3JJT0NZU2NjaWxyaG5LbHE0NkZrWHZKRG1xcmppSjRLaTVQYW9aYkpwelVEeHJNQU9KeGxHZnQ3Z05FYzF3VDRydHBKNUhxRWk3Z3ZOT0JEQmxldElpUWszRkZ1WU5BU1F2MXdYV3hPbGJhWUJmeEFxbGlNd1VOYWJ0MXJ0SW11RGIyTXFtUW5WX3ZGZWxB?oc=5,2026-01-24 09:00:00,Daily Nation,The high cost of the ‘high’ life: Kush Tracey’s journey from addiction to ministry Daily Nation,2025-01-01
"We cannot replace a dam with a bus park, Governor Wavinya tells Senate after backlash - Daily Nation",https://news.google.com/rss/articles/CBMi1AFBVV95cUxNdGFVcF9ZRWN5UUx4aExSekFOZm1ERHRLVDc1ZGVjOUJqcTlYX1FIN04tOGJqdW5STzcta2pyYThiZUpub3FIRTVYRENKc0dkMEVHSi1zc2JtdlZHLVRoLXJkcWRTZjBEbWw1aVIydFNNZDRwazhVb09remkxRVZmaFkyQjhXSmVtWmI3S1lzc3AzQW5RUENfR2wyaC0zOHBhdFluTGZEYVhsLWtjanpJeDRFWUthdWd0TWtBU0VBRTZHb2lsRlpwWlBfT3BER1l6ZFAtbw?oc=5,2026-01-24 10:48:44,Daily Nation,"We cannot replace a dam with a bus park, Governor Wavinya tells Senate after backlash Daily Nation",2025-01-01
Kiswahili emerges as top-performed KPSEA subject - Daily Nation,https://news.google.com/rss/articles/CBMiogFBVV95cUxNMnhmemtVZ0NKelE3aVUzLWhNc2NYTkYyNlU2VjItajZNNHQ0UnU1aFNkbmZyUThyc1djYXh0ZElITG5TTTVyZWM5Q3NXdWxLRkQzQUhxMjBWanladUE5eHhuTjFTSzRTWVMzTHhBa2VySklkX2t1MzJDbkFsLVVVVzU1Q0p6MFVxMjdybkZGRm1QN2NWaEtsN3R0c29DR2pHVnc?oc=5,2026-01-24 14:06:45,Daily Nation,Kiswahili emerges as top-performed KPSEA subject Daily Nation,2025-01-01
ODM wrangles: Oparanya-led ‘G8’ accuses Oburu group of ‘greed’ - Daily Nation,https://news.google.com/rss/articles/CBMirAFBVV95cUxQbFFvTHFJbU5hZGFFaUt3ZU9EdXFzTFF6WXZteXkxSE9DbG01WkVsdkJEWE5UZ08wQkNfTTdidWFSdzAySS1oSXFSUHJXTGhpMWxvbzZ6OTlSSEdmdmJFVUxzYVlTVjA3bkNzU1VsSkY1dzc5SnJPeHU2cEYtaGkxd2pkUURwQlB1c0R1ck9CWUV2ZUt5NFRrVXNaa05IbzZsTUlSRUFMUm40bnBx?oc=5,2026-01-24 11:19:07,Daily Nation,ODM wrangles: Oparanya-led ‘G8’ accuses Oburu group of ‘greed’ Daily Nation,2025-01-01
Absa Bank Kenya poaches executive from Stanbic - Business Daily,https://news.google.com/rss/articles/CBMiswFBVV95cUxPY3JzZklHLUpZU2Rodld1bnZleEhPRFNSMVczXzhtaWE5WU9CckdXYTB1NDNCV0VpOUF0bmhibC1pS19PaHVJNkFBV1lRSFFldW9YV1lrU1dLNXZGZ2FnQXNZUkh1RDVNQklGWjg5Rlo4cUVNTmFGZUlPTGNKd2VWcWFYOFJmZ3FQenBTUWJGS0RycS1jX3FIUDEtTEEzOXJLMTQteWU1dmlvM19UbHcwQThzdw?oc=5,2026-01-26 15:55:01,Business Daily,Absa Bank Kenya poaches executive from Stanbic Business Daily,2025-01-01
"KRA catches 392,162 in tax evasion crackdown - Business Daily",https://news.google.com/rss/articles/CBMinwFBVV95cUxPVHBRRWhnMkxtYUJaazZLblNEazVyVTVtQjZaRnhLMTc4Ny1nMWNkM2tOSzNickdkYWFXb3BXWGpLbm02SE5jUXp0aXFzUUhGdkRreDluUFpNQTA3ejJYYXdlaWRJWnVpeEZpaXVVbU1lUThsMVZtdGU0UGdPeDQ4N29hczlrSW5wQUJHcF93TDB0cy1ZR3FvMmhXaXdnSUU?oc=5,2026-01-26 18:15:00,Business Daily,"KRA catches 392,162 in tax evasion crackdown Business Daily",2025-01-01
Hundreds in limbo as State scraps ECDE Diploma - Daily Nation,https://news.google.com/rss/articles/CBMingFBVV95cUxPSjlLODd6TTlDRmNZM0ZfT2U4dTRHcUx0UjNaLW0wZjE1TFVkclNDZjJvR3RPWWRfc2JXVlVXYnhOOWhJY1hZRmp5WW1JMzhpTTZ1X0N1ZXVHeU5SSzNmTmt3bm9CNFgtWU83LWZ1cnczaEo2QUR1U1JZczZJUldrQ3NHQ05xb2RTT1NRaUVveEtsM210S0RRRWZSVG5jQQ?oc=5,2026-01-24 08:42:11,Daily Nation,Hundreds in limbo as State scraps ECDE Diploma Daily Nation,2025-01-01
Court faults TUK for illegal deductions on senior lecturer’s pay - Business Daily,https://news.google.com/rss/articles/CBMiwgFBVV95cUxPcXdIRy15ZjZXMGpyNU1LZk45SDRabDNjS3p2RjVuVHpxLWV2SkU1WlhPNk80OTQ4VHNsVm04TTlMbzVCWHZhYUlRVlljQTFkeldjM0hQNUYtVzVCSVBZNEo5NUszblQ0ejBXZzNuTTJZNk1CdjE5U05KVk1YUWlKaHp3NWRldG5reEUySHQyWlBzYk9OeWJ4RFRjSFR4SVZsUlhkREtVdWJOU0JYUGM0bG9lMm1IS0xlZDlBbVNNdWtPZw?oc=5,2026-01-26 17:00:00,Business Daily,Court faults TUK for illegal deductions on senior lecturer’s pay Business Daily,2025-01-01
Regulator clears buyout of fintech firm Riverbank - Business Daily,https://news.google.com/rss/articles/CBMitwFBVV95cUxQOE9XOVQ1d3hhdTRaVlUwMlZvdnR6UzNsaUhEVjduSjNleUhwZXRpSFFEQ1psZmxMMkdJQnJ6Z05hVGZkeFRjMkJfMGRqSUh2ejhhSlRMR0hpYkh5dVdjOGJNV040MmlnR3BmM3NaQkdyMHpHLWc5RHU3NzJSVXNPYlVRcXdJVEpVMWNzNzBnTWFnTVFkejJ2aGxDWDg1S1dFUnJsdEFvQzFWaUZKRXNwdVZOWG41N1U?oc=5,2026-01-26 16:45:00,Business Daily,Regulator clears buyout of fintech firm Riverbank Business Daily,2025-01-01
CAK leaves Vodacom-Safaricom full merger review - Business Daily,https://news.google.com/rss/articles/CBMivgFBVV95cUxOTHpGYVpobnRjMzhWcG5IZzVCOXl3VTU4bHJOWjNuNFRNc0Q3Qi1yYjAzckFGRjQtVTVrd2VsZmhfWFJnY01UalJpeWs5Q3V0aGd3ZnkxaTFxaEFrelZ3Z0lUWE1pOE83OFJIaGZmaHRTWGs3VGRNVjBzUW9qRm0wYTkzOHRMWWtrZU1JdXJNdERQbXRfOVFiQ0NfMGdtWkdCakFqS3JwLXVETFJWODM1SHd3NXFXUk50QnU2eE5n?oc=5,2026-01-26 15:30:00,Business Daily,CAK leaves Vodacom-Safaricom full merger review Business Daily,2025-01-01
"Fake claims, real theft: Sh11 billion stolen from SHA in six months - Daily Nation",https://news.google.com/rss/articles/CBMiqgFBVV95cUxNSXpSV1dwQ0lESG5zcGFJWGVFTzlOM3BUb1JuaWJPU25XQlhMcXpuNENPWjNMUjFMZUpGUFZ1TGlFLUs0MWphclcyalhUeE5zM2NsUERqQVpkX2VCNVRKM0pSYmp4bGlzUWh3S1cxQzlkSlEzLU5TcWxqVUpvSk1sZ0I5dzc4REJoS05VNld3WXpmcnkwWUFZbGdGYks2cTZaZW1jVHZ2Y1hQUQ?oc=5,2026-01-28 03:00:00,Daily Nation,"Fake claims, real theft: Sh11 billion stolen from SHA in six months Daily Nation",2025-01-02
Why we relocated to Kenya after decades in the US - Daily Nation,https://news.google.com/rss/articles/CBMiogFBVV95cUxOcFVKVHRvd3o3RTNQTUtpcFJPNlVCZjFIaG42SlE2ajgxcE51NXZfOGdndkFNdjgySkV2dVFKM2JfcTJKSE45X1VadVpuQ2NxNFc2cHkwMFY0M1c5N2lUVFlKRzM0ZjhSblAwZFQ0Y25JbXlrZTM5a1VHR1Viekd0VGhsT242MzB5N0ZMVlZSWk02UlRZWGVSSzFkaUhJWG5DMFE?oc=5,2026-01-28 03:32:49,Daily Nation,Why we relocated to Kenya after decades in the US Daily Nation,2025-01-02
Businessman’s daughter accused of forging father’s Will to seize billions - Daily Nation,https://news.google.com/rss/articles/CBMitAFBVV95cUxNbVVUQ0NTS215VlA3bmlZZUxJcjc3YjlsNzRhc2pwRnBZODBPR1ZsN0VONXRaV2VCZmpXZ3BkVEhLQ2dnSkJQOHc5ZXdGSWh1ZU9MWVBxcEw3NU5RN0ZWcjhhSmZ1c0pIQmZOekVKMXViQlRlekNoN201aUZ4bFE0Tk0wNVlNcG5xeVh2Q3MxSW4tSjZwYWVnb0FmdE1YbzNEU1ZYSUJnUTlJU0xhNzVXcU5qYjc?oc=5,2026-01-27 07:25:08,Daily Nation,Businessman’s daughter accused of forging father’s Will to seize billions Daily Nation,2025-01-02
Lantana camara craze: Why Kenyans are eating it despite being toxic - Daily Nation,https://news.google.com/rss/articles/CBMiugFBVV95cUxNLTZObVdYQWxXdXBJUHpXNzBqb1dqd1lfSnFxYVNxczk5bU9RZ2c5cHI5ZzVwYzBFb2hVX0pUZ2dFMTVMenduNVJxa09VNVdRdFYwdFBHWUR0RmhqSWl4VWpoZzNUTWRubmpObkJYcFJVM2VPS0hmdXlEcXM0X1NLVUFGOGZTeWhnRkFpQnBzZTRCdW1WanNMcE9vQ25DV21ZdEZVZDRmTk05ZE5qYWV3OEN3VXhSRkE3T0E?oc=5,2026-01-27 08:00:00,Daily Nation,Lantana camara craze: Why Kenyans are eating it despite being toxic Daily Nation,2025-01-02
"Jeremiah Kioni: Close to power, yet 'always just out of reach - Daily Nation",https://news.google.com/rss/articles/CBMirAFBVV95cUxOTzI2aVNCaVhCZ1pXZU82NmEwblNhX0FJT05JazdYTkJfWXQtdVpZRWZ6M0IzQXJiYS0tSVk1d1EtQkstOGVxSVF0d3NzS0I0S0NpMXA2b0ZGT0R3YVlTeVhzTU9Mc2R1MXg2bGhGVkU4dkVZakdVMDlJSnlNRFlJbGpuSzFpeE1MZ25Dd3ZJXzF0OXBHekk4bmprTU50UE0tOHJfR0N6WG93aVgz?oc=5,2026-01-28 03:27:18,Daily Nation,"Jeremiah Kioni: Close to power, yet 'always just out of reach Daily Nation",2025-01-02
How Gachagua church attack reveals high-stake power struggles - Daily Nation,https://news.google.com/rss/articles/CBMisAFBVV95cUxNSmFvWnRvV0lSc0xLZk9NWmVnemVOZ2RibnZsTHBtWEp2YjRfa2JvaDJjN2FoZFhNbUc5cGdxcjFvUG9KRXdqM2F1TnhlOGhXZTNWU0NUdi1mdmxENkN4U1BzSF9mUGNFR2gyd1Zjek9KTXpINXZHdk5OY25teVFwSnRiSU5sSUpwOHBlNjU2b0xLQkZKRDRIMk9kay0yQzI2WjdyQkwzOWRWYUFDa0Z3Tg?oc=5,2026-01-28 03:00:00,Daily Nation,How Gachagua church attack reveals high-stake power struggles Daily Nation,2025-01-02
Businesswoman Mary Wambui fights city luxury hotel auction over Sh8bn debt - Daily Nation,https://news.google.com/rss/articles/CBMitgFBVV95cUxNeXY0NEFZdjFjM3lEZEVzLXk5d2p4Ul95RGQ2clN6MVA0RGJxYXFENklXYzZZc3dVR29UZUQ0V295cjRVWks3M1UyaVA2UkpOc2t5S1dlYXhvMmFacmNzbDVpQldCUUNYQnBDRmtBb2ZVVHozaXlBemQzRm5XbUFVdGR0R3J6MGV5QXhia0o3Mm5NdjRybkZZbi1IeVljNklPcjBtTlBHWGM4S2lnc0lZd0g4Yzktdw?oc=5,2026-01-26 11:45:00,Daily Nation,Businesswoman Mary Wambui fights city luxury hotel auction over Sh8bn debt Daily Nation,2025-01-02
What Ida Odinga is going to do at UNEP - Daily Nation,https://news.google.com/rss/articles/CBMihgFBVV95cUxQOHNPd0loNVZ6Y2NYNFVPZzdJYk1ySVp0Rl9wUi1UV0Q0R1ZWWkE5c3lQcHNEaURFT3BHVkpiSWRPNWhzMEE0ajJmVUtqSldyUlZELUN1SkdSSU93cjFGbnc5Z29PNE0wbDNRc3hORHFmQWdLV0hheFhyeDJoRUZhNFZYeTYwQQ?oc=5,2026-01-28 02:00:00,Daily Nation,What Ida Odinga is going to do at UNEP Daily Nation,2025-01-02
Report: More than half of MPs will not make it back to Parliament - Daily Nation,https://news.google.com/rss/articles/CBMitAFBVV95cUxOY1g2SEZLR01SV3AtSXh1N28zbVkxeFFvMVpIb2pCMzBUU3RzT2hZM2o3RmM0d09ud0REZGlJelJpQ1N2X1dOTlFGaDhJaVpKWnl4cy1BdDcxalpFYTg1Qk45TXVJSm9IbFE1WXRmdlQ0Q3pJT1ZtR2phSUI0NERGcmctcXYwX2FMWTRONFZuOFlhR25MSTNndXZMeTNuZThWT0tmSnJuYmdONG8wdnoybE5mblc?oc=5,2026-01-28 03:00:00,Daily Nation,Report: More than half of MPs will not make it back to Parliament Daily Nation,2025-01-02
Two Ruto advisers face legal action over alleged contempt of court - Daily Nation,https://news.google.com/rss/articles/CBMiqwFBVV95cUxNd2psWG9ENXE3ck9EdEstU0FmRWdGVm1TQ1N3ak9jOWZReUprYlFkbl9jbTljZFlhbXhYOGNLSGVqWE9lNHZQUzBWTXhOZ3VIMXFpYmwyUUtPbFY0a2F4Wm1UUkcyam1vSl90OUl5Y05nU2I5ckk2THBLYlpad1BDdVRlbklIMlFZMmt5TmJtSmlFelRPcEtCcV80clJaSjVqSFJMVVZaTDlGX0E?oc=5,2026-01-28 02:00:00,Daily Nation,Two Ruto advisers face legal action over alleged contempt of court Daily Nation,2025-01-02
20 athletes found guilty of age cheating after probe - Daily Nation,https://news.google.com/rss/articles/CBMiqAFBVV95cUxNc1F1bFNJQ0dPUWVWc1RLcEh1MUUzOVQ5am1kV2hnbXBoX05pVFZWZ2Y3MjJfQkRFRDU5ZHRqd3VVM3o0OG05R09FNXI3cGxsZTdtRzN0Snl4U0tXWnV1YXNqLTJYQ0plaUZJaXM2NU53cE5qcGQwSXJsOEFOd3RxbUVaenhES1pCSlNSTEJvNzVrUk4zNHFzUzBycHJSRHBBam9vSGJPcy0?oc=5,2026-01-28 05:22:53,Daily Nation,20 athletes found guilty of age cheating after probe Daily Nation,2025-01-02
I earn twice my boyfriend’s salary. Should I still marry him? - Daily Nation,https://news.google.com/rss/articles/CBMisAFBVV95cUxNWngzcWhhejFDb2NlMmxYb1QzNUxQNGRUMXBEQTVVLWxvVjVTd2VtOFlNNmhFZUJZU3lKazhiRkxRbjRsSkQtemFhN3JobHZlRGVUamc2cUY2a0lrTGJHZTY3VEJiRmNCU2NnOHRfWlRXVkRYVE92bWtMdzF2WFcxdFlCN0RfZ3BBS2lpcHVkY3ZlMmlGWlZ0UjdrS25mOTdfUkRsX3ZuWEZNMjIzbnU4aA?oc=5,2026-01-27 13:33:43,Daily Nation,I earn twice my boyfriend’s salary. Should I still marry him? Daily Nation,2025-01-02
Court limits employer liability for funeral costs in workplace deaths - Daily Nation,https://news.google.com/rss/articles/CBMivwFBVV95cUxQUVFUUWV6ZlNnWFpuay13RU9TMm0yMHBIczZnMk5uWXczeHNJOXZPU3NsTWxsUHQxOFhCQ0RoczNkUUIxVjJ1bEtDdkpFR0NRTUo1MTFNV3VtSHBKQzBTRTJtWkUybm93M1JlNy1qdWpIT1pUMVBrOEFvZDQzTzU0V1I2cjNUaW1PQzhCVHhHYm85OUNsVGw4aWpzM1VPS05rdU5ycWM4RFR6R1RpaXVXZDh1cnk3TUVYaWp5Yno2OA?oc=5,2026-01-26 13:42:05,Daily Nation,Court limits employer liability for funeral costs in workplace deaths Daily Nation,2025-01-02
Kilifi man who killed wife for joining Instagram seeks court leniency - Daily Nation,https://news.google.com/rss/articles/CBMivgFBVV95cUxQY3lOV044OURibnBkX1ZETzZTclFnY2FJRmlpdDdCRWJhQ2d6YW9WbUV5YW5rd1U4Slk1c1NGVnNrMjBOSlcxTGRsWmp6RGU5Wndkd3hJMExBVXFSSExPLVFBNW44ZGR5RUZmZ0dRY29lb0luZmZYS2l3SkE4TkR6bGthRmlPbDVQcHhDNnZSRXFybVZ1aExHR2swLTRIdmgzWHFnSWRWdmFCRkhUTTFKWHRYQXV5Mjd0Tk53SHZ3?oc=5,2026-01-27 11:00:00,Daily Nation,Kilifi man who killed wife for joining Instagram seeks court leniency Daily Nation,2025-01-02
PSC requests Sh3bn boost to tackle ageing workforce crisis - Daily Nation,https://news.google.com/rss/articles/CBMioAFBVV95cUxNVFZkZkdoWEJQV0FBdC1sOTRVckJvcHM0TWFoUFVBZzFZVzE1QzUtN2tmVFFZSmdVVHBFWUZXazliN21jMXFvSE0wTmlPekFnMGktdFZNZ05hX1NiOGpIbXFxa05JaGhGZV9sYjRmMzJSVGVNM2RyQXlnSE9qczVGNmxKNUpuQ21zZ0pieHFlZGVoSFpJZy1LT1dpQ1o5V1Zt?oc=5,2026-01-26 03:00:00,Daily Nation,PSC requests Sh3bn boost to tackle ageing workforce crisis Daily Nation,2025-01-02
Court upholds revocation of 306 unqualified nursing interns - Daily Nation,https://news.google.com/rss/articles/CBMiogFBVV95cUxNZm5TeFVaMTAyZ1ZVTEd0V0czSWtjbjVZSWxqU19NcXVPdlhpVXI2VWZ1RFhVZ1NJRGt3TDU5bzhtWjRXRTVjVTVJdHk5MFFHMFFQRk1xTF9MZzV0RHU5bFp6YWVONFRBSURJOHNUbHQ1bXY2d0ZfRHllM2V1djBtUW1ycmtEeE5hRHRjNkVRbmxqVWNjejhuSE9Yc0NHb1Y5Z0E?oc=5,2026-01-26 13:48:46,Daily Nation,Court upholds revocation of 306 unqualified nursing interns Daily Nation,2025-01-02
UDA jitters: members push back amid coalition talk - Daily Nation,https://news.google.com/rss/articles/CBMioAFBVV95cUxNQ0lzU09aendpUWVhSk5zR0dQek5KUEZxWF92ZW5ZVzhNTXlCRkFxa0IyZGNxWTczTWhVR2JpRk5FSFVteGRYeWE3UmtrRVlOWGZLeHJhcTZvWThjR004NUtFMkpPRU1DNkxqeFhXNWphSUNid05SZXlOUlBNZjZ3dEstV0NZWVkzNTV1Wl91enJDRkt2WEs0YzEta09SaE9l?oc=5,2026-01-27 16:07:14,Daily Nation,UDA jitters: members push back amid coalition talk Daily Nation,2025-01-02
Police officer reveals how Gachagua church attack was planned - Daily Nation,https://news.google.com/rss/articles/CBMisgFBVV95cUxNeGtkc1NHMGY4dmhUM2R3NHdHT1RtX2VTaFM4R1UzZ3M1eHVpMHBxNzJER2NfSUN6bElRZlJfZWcxb25sQUgzWHN0SDR1NE5NQ29Gdy1GSmxoQi16Q28wR3k4cjhubHltNkJzNURuUFdDY3JSTG81bnlZTmd5elVWQW5obUplekFlTDVIRE5NZHVkcWN2V3JGcHNjMTExSE02czBzaFZBN1M0U1pqOFpvLXlB?oc=5,2026-01-26 07:45:00,Daily Nation,Police officer reveals how Gachagua church attack was planned Daily Nation,2025-01-02
Bribes in TSC recruitment scam rise to Sh133.8 million - Daily Nation,https://news.google.com/rss/articles/CBMiqAFBVV95cUxNSy1YclhVdnJqT3h5TDhnZlBBYVNOZm1BdjJuRVJGUzRVeVotTmFVLVhvajI0Y2pvSFlhbXJDMzVIZlA2eUczY0RjTm1yLWpkWGVSQVNpa2E5THBrcF9fT3BpWFJ6UENxbTNDc3cyaUlvNWtSbUhzOUNkYktvWmNCSEJiUS13VU1Yel9Ha3VCSklEb1dBUGt3azYtSzJqTGJpbTZqUFREeUc?oc=5,2026-01-26 10:10:48,Daily Nation,Bribes in TSC recruitment scam rise to Sh133.8 million Daily Nation,2025-01-02
Will forgery claim sparks family feud in ex-AG Karugu’s multibillion estate battle - Daily Nation,https://news.google.com/rss/articles/CBMiwAFBVV95cUxQT0dvdnBKbHlFMXVUakZ2NjdkbTlvOTd2SGxPbGc4Qy1WNzRSeGJiRnljQk1iWHRpX1AyTTh3ZTFMX1NSVUpvazlVSVVSZVdzOW5ONVNveFphclNXaVprN1Ezd3l4ZmFsa3J1TVF0UFU5UFcxZzdvZ0NTZGhZcmZpRGxiMm1YYVZlRE10M25oemU2Wlc0dHAtMWJpb3IzaWdXNlNoblhic3kzOWUyVEY3WjYxeWctenZzMmxLeGlQdzk?oc=5,2026-01-27 08:54:47,Daily Nation,Will forgery claim sparks family feud in ex-AG Karugu’s multibillion estate battle Daily Nation,2025-01-02
"Ruto appoints Issack Hassan, Katwa Kigen among 15 new Court of Appeal judges - Daily Nation",https://news.google.com/rss/articles/CBMitwFBVV95cUxPX3BBRkYzOUtqeFFCN3Y4eTVwby1iSWFxTTNibXpXNHNuYy14eW5GbjRab3lrT2ltazdLUi1lenF1SW5ueFJyQmpfRUlxb2tFR0RtNzNjdWVVQXYzWXpxaU9ITERucWZTUzFiWl94LXhwMXNlLVRkeGNMVXp5NExDLWNqTUpRQnZEcWtJbUpUV0Ixb04yV09Ba2pnVVY5czJEcC1Gcm95aHFoXzB1UFNXa0RTYXRZVHc?oc=5,2026-01-27 13:00:00,Daily Nation,"Ruto appoints Issack Hassan, Katwa Kigen among 15 new Court of Appeal judges Daily Nation",2025-01-02
Ida Odinga: Why I have accepted Ruto's job - Daily Nation,https://news.google.com/rss/articles/CBMijwFBVV95cUxPdlByd21ENk1wTTBrdnJjSGpBNmRFVFl0WXdGZDM0V2duZ2l6Z3k4Z1FpT0hFdnVvN1lWSGNYRU55aEFVR2I1YXE3UHgxRkpETlVIVE0zWTBHZ2pmTGl2Skh1b1Jwc2FSbVZLejRmUlZaOHc1X042LTZITmVTaHo4d1VRQTM4OFdTdHlXOXZLQQ?oc=5,2026-01-25 22:11:36,Daily Nation,Ida Odinga: Why I have accepted Ruto's job Daily Nation,2025-01-02
How IEBC decision to defer boundaries review will affect 2027 polls - Daily Nation,https://news.google.com/rss/articles/CBMirAFBVV95cUxPdi1mUGxzd0dfOVRWelN6TTBzenlhbEItTi1FSWcxSWw0aG1pUnpMUDdWcDY1MGt6RWpLUlN5RDRzNlhwUjdSdkRCX2hvTWZxZk5zZzVDam9BeGp2bTZfVE9sZDgtYnJGV0FpMVpDRFBMT0hFenRMblphSFVDQjFveXBjRTh2RzlFQmQ4QmktTjlQSkcyUlRzUjlRR1lpMXhPamtyTjVMOGpud3hw?oc=5,2026-01-27 17:13:01,Daily Nation,How IEBC decision to defer boundaries review will affect 2027 polls Daily Nation,2025-01-02
Newest billionaire in town? KCB gets nod to acquire Nick Mwendwa firm - Daily Nation,https://news.google.com/rss/articles/CBMiwAFBVV95cUxPWi1YTURidkpHR1Z6dHJ4ekZuMWFXR2tWNHR0YUhpNFdFZ09tcDRTR1dQRGF2ZFRwcEJNZWpIMllRd2NBWnZlY2lzVnlXYVlIdE9rUnZsTzBPMnMxN241RXBmQndyd2cxc2U4amc3bVZoS3ZObjFxY25PR0lZdTZOYjVpNmpMVHh1ME85Y04td1NZZnpGQWgzbFp5MnVjcGJXSzlLcGZvSFBQNTBsZHd3R3g5RU4tVjkxbXRWMEp0LWE?oc=5,2026-01-26 12:33:45,Daily Nation,Newest billionaire in town? KCB gets nod to acquire Nick Mwendwa firm Daily Nation,2025-01-02
Political storm over Rigathi Gachagua attack - Daily Nation,https://news.google.com/rss/articles/CBMimwFBVV95cUxQOGUyRXZjcmdOc3hTWjJBbW9hWmdYVC1ma1RMdUNaY2pKc2dtOVNnZ1l5ZFcxQS1rc0hOWHBDNUlRbGpJOXBRSi1zbXFnSEtzYmFhOXVIVkMwN1dZREVWNjFBcGlGcFI1ZGZzdFpveXN3YlRBaDE0Rk03MFp1cHd6VnctY0RzbnZUVzBTRUM2cHZBT2hRZ2t1Z3N5Yw?oc=5,2026-01-27 03:00:00,Daily Nation,Political storm over Rigathi Gachagua attack Daily Nation,2025-01-02
Russia-Ukraine war: Families of kin killed or injured plead for State help - Daily Nation,https://news.google.com/rss/articles/CBMitAFBVV95cUxPRURRamZ6Mk9RNC1hRHJNcHhUWENfSFNTYmVLMHRhaHI4QVBENWVxcFNSSVo1YW1qNDViV3kwejFTUVd2dHRVLVpkUkFOdjZ6d3I5V0lVVTlYZnpDZGNXY0E1Z1RhaHpPOFJxRnlERURNUndVbVY3Y0ltbUl4SjAzNEl4eENPbFYwdUNhMzh6WmxYOTktUnBLaU9zUXNqTV81LUEySHJVOXMxM3JYbDVZbHRPdEU?oc=5,2026-01-27 18:14:03,Daily Nation,Russia-Ukraine war: Families of kin killed or injured plead for State help Daily Nation,2025-01-02
‘Upcountry matters’: Sharon Oyoko’s bid to reshape LSK representation - Daily Nation,https://news.google.com/rss/articles/CBMitgFBVV95cUxNUVljVmNwTzNMOWxuZExyN2ZQblp2bHM4U2FvcHlVOTZ5OUdGclF1ekRsVmtPWFczOWdHRWp5SW9TRTRObnc5Z0VfREJvUnR0QXlPV2RVQm5sWkMtandQek4wWk8tY2xndU5sX0pMbGtmLW9JczdaNHdicG42c1NIRDNmRmJaZ0hzNDR1MmRKT3VXSENrTFZJazhUT2tmaHpzTnFkWkFCb3d5R1Q0VzhaV2F5blJtdw?oc=5,2026-01-27 10:00:00,Daily Nation,‘Upcountry matters’: Sharon Oyoko’s bid to reshape LSK representation Daily Nation,2025-01-02
Profiles of Court of Appeal judge nominees and tough JSC questions they faced - Daily Nation,https://news.google.com/rss/articles/CBMiugFBVV95cUxQeWNBTmVrQ1NlXzdsX0ZqUnBPbVZSaFF1S21lZkdIZ2RTZnpnU1ptb1R6OE42bWJicjNzT3RLQjZDQTdCRW5DVXVRUV9OY2pyTkpCZU5pa09uaEZQTWVVWU1JZy1STUFTYlJHUkwxMlRBZEZSRFZzVEJjTU83MTR4QTFjclUzN3RhMmxKTU8yNXBSYWJQNUlGcVliRkZZMmJBT1lGRVhsZldBQTdfbEJKQ3NzeElMTC1Ob0E?oc=5,2026-01-25 03:00:00,Daily Nation,Profiles of Court of Appeal judge nominees and tough JSC questions they faced Daily Nation,2025-01-02
"Elite capture, underdevelopment of Kenya - Daily Nation",https://news.google.com/rss/articles/CBMingFBVV95cUxNRm1FcEVGM2Z3cjNvWERVc0tER1k2WDJJYlphQ0NGWExCeDJLN3gweGsyVFA2bjVNeDRnUkdxTlVIRzBzMmViMzJYOXVKOExlczNUZndwX2N2WmZWb3o0YnVSZ1dlVldmeklMNTVuX1hwWmlGVmFDaTl6ZUxnRmxTUGFCNjlIMmtoUHUzbFhMLWhjZmYwZXcyVFctRWhoQQ?oc=5,2026-01-24 21:00:00,Daily Nation,"Elite capture, underdevelopment of Kenya Daily Nation",2025-01-02
Decoding Ruto's chess game: What Ida Odinga pick as envoy means - Daily Nation,https://news.google.com/rss/articles/CBMirgFBVV95cUxNWVl6TVIxWmVISE9Vb2doQXI5bVFnREdzS3NrenVSTkxMdER0TEZtZlhKdzNzd1hHTlFXUVpIZG5EdzllUFJyNHhCd1BjaDEzT1B4aUxSUndwbldaVzNTYWRWSm5OMkxCdGM3MjhSTUhLUFlUWXJlWlJWV3BZSXg1MWlNQXJBczNrcGZVb2JvU2ZpLWVKT3VYTDhLOEZ6bUJ5cnpLcHpiZXBNaVdzSWc?oc=5,2026-01-24 03:00:00,Daily Nation,Decoding Ruto's chess game: What Ida Odinga pick as envoy means Daily Nation,2025-01-02
"Attorney-General, PSC race to save Ruto advisers - Daily Nation",https://news.google.com/rss/articles/CBMikgFBVV95cUxORk1GOWYySUFhLWk3R0Ffd3dyUmJFTU11dVcxOGJXdENsU28tOHJPRmQ5RTJsMmRGTmNsbkhHYktaa0doUzI0RERiTnBzTnFQOUYzZktJTU9kdWxQbk5mYklyb2FwdkxaaUlsVkRIdkJaQWlmTG45SUhRcnBTMDF6RFhMcFdiUHVPVm5qa1JfeFR0QQ?oc=5,2026-01-23 18:23:23,Daily Nation,"Attorney-General, PSC race to save Ruto advisers Daily Nation",2025-01-02
Prof Okumu named Kenyatta University Acting VC as Prof Wainaina exits - Daily Nation,https://news.google.com/rss/articles/CBMivAFBVV95cUxPYTNGQTIxU2ZaYktjS204R3Z3VWE0Nmd1MG8wcWZqal9hb2stVzhEVkE3U3B1Q3NLVmdhQ25EQVMxaHlwNmRxMGxUdldRTFYxdmpHaWd3aFVOMVZNWUVtU3RhTjhBTEpCYWxDLU5STndqVjFuOV9ValNqZ3ZPWVBqTTlPLXQ1emw2enZuUVBLSTRoWmJsSjVtWDctYWxwT2hudlhzTnVzLXZLaDhCYWJJZUdJa20yWkVXaGNZaA?oc=5,2026-01-23 17:06:49,Daily Nation,Prof Okumu named Kenyatta University Acting VC as Prof Wainaina exits Daily Nation,2025-01-02
"Mamdani’s bombshell book explodes Yoweri Museveni, Idi Amin myths - Daily Nation",https://news.google.com/rss/articles/CBMitgFBVV95cUxPVzZBM1F5NDdMdHhVOExCNkdaTmptdk9COEk5M3U3VldKdTU5cjVQUmVvM3N6ODgtQUpMN2wtR2ktNktFbGkyNlZxVWlMNGM0bXFIdGp4WTViNWdlZ0dDeUJ4NjFWU2ZJV054cWljMnZKU2xOUWtIc2VhQjF0TEtObzRkY0VaMXVIdklhaUFhOHNXanktVVhDMVptZVRVbVBYUjJtbHE3YmVESTNjcVhrakFNd0hyZw?oc=5,2026-01-25 10:56:39,Daily Nation,"Mamdani’s bombshell book explodes Yoweri Museveni, Idi Amin myths Daily Nation",2025-01-02
"Gathoni Wamuchomba, the erratic trumpeter - Daily Nation",https://news.google.com/rss/articles/CBMilgFBVV95cUxNSEYxWnhRbmtCek91RWw2TFYwVzhCaUNaM2EzSjdlMnhRR0hGeU0za21ISGdJMDBRck9xTGw4b0ZKaVZURjJIUHBoVWZSNlBsbWFNTUZyWDVpcnF2OHNIQ0FaamJUdUE3bTIzQ3lrakZYVkZseS1aeElMLXB5LVlxUG1WOXJGdzhmd0JralFKUDdQMEVPNGc?oc=5,2026-01-25 03:00:00,Daily Nation,"Gathoni Wamuchomba, the erratic trumpeter Daily Nation",2025-01-02
"I’ll win 3 million votes in ODM pact, says President Ruto - Daily Nation",https://news.google.com/rss/articles/CBMiqgFBVV95cUxPT2J2Mlp5MlZSWnpVallFV0Zhbi1sUDJ5OWJqbTdyc1h1dTl3N2M3NFE1VHBpTlE1U0xTLTRMWGdJdlg1WklpcnlUeUtQSm9vSVI4bnBfOUNJUHJPYVlfU0k1d2tXYUtUdm40ZEJBRU80WThBeDlKbFlUalVvYUM0NTRVS3BWMkdoM3NmUVdyN0d4dTBlUjBicURrVkZKM2JQcTZicUtCOUJvdw?oc=5,2026-01-27 03:00:00,Daily Nation,"I’ll win 3 million votes in ODM pact, says President Ruto Daily Nation",2025-01-02
"Faith Kipyegon, Nike partner to build Sh30m maternity wing at her Kuresoi birthplace - Daily Nation",https://news.google.com/rss/articles/CBMi0gFBVV95cUxOTmZzRDhkSk9HUWd4a0dkY2xSM0ExUFpIdWktRVBJLVBrb1NDMXgtM2VqU2ZPTjBpbERMUm5TaXFidFctdnhwR0EyWHVJNTNPbEx3SFZjU0RWT3RpZE00elhRa1hLZ0VDWlRXQnYyTF9ncmp1aUQ4bmw2VWtGeGJZNDVpWkw5eEpwVENWUEZJR3E2QWJ5X3JYSWJlQ2E4bXNkQVNsUWE0ZEYwcFVjT1JoY2h4RXYyOW5GNlpNSlNDWjRod0QtRzZTaWl4eGVNaXpkMHc?oc=5,2026-01-27 13:33:14,Daily Nation,"Faith Kipyegon, Nike partner to build Sh30m maternity wing at her Kuresoi birthplace Daily Nation",2025-01-02
"Senators question new county accounting system, warn of fraud loopholes - Daily Nation",https://news.google.com/rss/articles/CBMitgFBVV95cUxPMVY1ODIwNjA3VjJMU216RzhlcDZnd1l5SzJqWmJYeVdRTkh1UGxCcUp4S00yT0hkNFh2dHc1ckhmZHdqZ2dvbG8weENEMjh0Uk1WaDdkMElYTzNzOEpQbFRvaTFKR3ktMGFEcmV4cVRwOFpXUTFPY1hUbkkxek5wRmJUUjhXTnlVY0RSQ2s2bXJoZklINmxZUnBoQ2FPbmp3X0E4bUF5SjhPTnBPUjdCU09FdFB6UQ?oc=5,2026-01-27 11:10:49,Daily Nation,"Senators question new county accounting system, warn of fraud loopholes Daily Nation",2025-01-02
"Court allows police to detain Turkish nationals Elsek Osman, Gokmen Sandikci in terrorism financing probe - Daily Nation",https://news.google.com/rss/articles/CBMi7wFBVV95cUxPY2JWUHplejBVZ243ajJwWTVJNnVKNFIteWJvU090anVFZGVwdWRPS0pYTktWUi1CSEI2LVc1UjF2c3dCREVNRmF3OENTV0VzallvRXBINFMxWWR0bUtONmRoeGNjeDBybjBLOC1saUZGWS0zZ2lGVzhsbEl4YkZta21wZGJtQ1F2OFdlVzR3M2VFMVRhNDVYN3dsbWVKZ0tDSVctR09IWk1MQjBMM2V0SllGelZRSFlIUG1sUE94UWlUUUF6TWlwbTE2OTU1T3FmSWRjME14bnhJYTFtT3B3WWlnckpLaXJkT3hLMlNiaw?oc=5,2026-01-27 14:18:03,Daily Nation,"Court allows police to detain Turkish nationals Elsek Osman, Gokmen Sandikci in terrorism financing probe Daily Nation",2025-01-02
"Premarital counselling favours men, critics say - Daily Nation",https://news.google.com/rss/articles/CBMiwgFBVV95cUxQUnh5NWt1a1QxVS1uWmctTl9ienBkM05kYUVreko3MEM5RzNNc0o2YkVuN3JYQzNXOFFGQUxYOTJpNklmWlFBeTdKNDAySzBIOEdnelNYYm5GY0tqRExUbUg5Um9uMzVTanFHLW1fSE1WN0c0Vzk5OE5QTFZzc3B6RERsaFJTdU01bUNIMlQ0NUNQNDd3LTB2UTBlVUd6NVNTMmFKQUx1Wk96UjhpeGFfcFZLS3lCSzhTSDlSTEVvMUpTUQ?oc=5,2026-01-24 03:00:00,Daily Nation,"Premarital counselling favours men, critics say Daily Nation",2025-01-02
"Uproar over Machakos County’s bid to drain Tala Dam, convert it to bus terminus - Daily Nation",https://news.google.com/rss/articles/CBMizAFBVV95cUxOY1BsUEVhc0dzSjFySWpZQWlvanBncUw5VHprZFdsY1BERl9taHVSaWltUjJpWlUtS2ZtcnJuTFZmQ0hfdFNZalJvRTVCUHhCRzc4dFh2bUY0WGdQaEo2T1BSNGdRZUZESElXd0tOdnFwNFE4aDVqRXgzc2YzeGlfVGl3d2ZkSWUyQjR2X3FkbzR0VTVYYnUtRnM5cHRQWk5lbno3cUxLaGx5RF96c0l5LU1KRVZEbFBJVWdOZVUwLU9aaTVrOVRCSmxPSVA?oc=5,2026-01-22 03:00:00,Daily Nation,"Uproar over Machakos County’s bid to drain Tala Dam, convert it to bus terminus Daily Nation",2025-01-02
State to increase funding for primary school education - Daily Nation,https://news.google.com/rss/articles/CBMiqAFBVV95cUxQQkNTMGp3M2NpbmxIUDJQZXJpVjFWV0JobmZ3UnBIWndDMUJId0pKRXBYSmZxTFJQSHB0U3c1aHdEV202X2FxX3gwRFZZeHdxOEJSTWVqWmxfVWdKQjhOZDlMWmczZWJqODNETXMyeTk3blhZLVAtdkxHUUppbTJLTnlRZjhkUW00eFpPOHZoVXZMYTJQUlhiUUVIakZUTXcyMVAzR3pHOWQ?oc=5,2026-01-27 03:00:00,Daily Nation,State to increase funding for primary school education Daily Nation,2025-01-02
Death days before US return: 10 things we know about siblings who died in Gilgil crash - Daily Nation,https://news.google.com/rss/articles/CBMixAFBVV95cUxNLTRZNUhiaVZBN3puX0VJOXFwSGdhZG9oV2ZFTERDQ2lvYnpBY21iM056T25IUV9yY0VBZ0hBcVh1OGxqUXBTU3JsLXB2YUpsWE45dUp3ZVpSb25pOTdzY0ZMM0hEdGt6VnBhaUpmTVBfVGxZSmllR3RlTkd4blBQVUV3S0lHZnBqYWFEZnR3Z21CZXEyN2FUVXVNWUloYnBBLWhZSXI4RkxsUmRfUGVVV3VxamdmNHB4eWpRaUNIVHdWSU9a?oc=5,2026-01-23 03:00:00,Daily Nation,Death days before US return: 10 things we know about siblings who died in Gilgil crash Daily Nation,2025-01-02
From D+ to B-: Mother of 2 revives nursing dream after 15-year pause - Daily Nation,https://news.google.com/rss/articles/CBMiqgFBVV95cUxPTTlYTl82RjlqVlkzQkNOeXVpNWtZYWgtVVhra2JTUWNGSlZpYkZ3NkVMZGgzMjNPU054alE4ZWhmbEVaLUVONFVLb01HLVA4NmtYNlI3clhISGpCVGlzb29FMUdEekFWTld0TnZxY2gwRVczT1c3OUhMZVk1NkswV05UZXhHY0dfRFgxXzF1VUdDdjBFemVhc3hFSXZDN29RLUVzdXRLSWx5dw?oc=5,2026-01-27 03:00:00,Daily Nation,From D+ to B-: Mother of 2 revives nursing dream after 15-year pause Daily Nation,2025-01-02
Start-up trying to make a mark through crafting healthy foods - Daily Nation,https://news.google.com/rss/articles/CBMiugFBVV95cUxQeWUtT0lpY1VUMVhrdmJXVXZVU1JlS1A2bnNLa0pUa1psM3dqc1FDbUNZUmNLdU91d1ZsUzVtQUNqNURiYk9RTldnZTd1ejZQeUFlb2Uyalp1Z0dsVnBFaGJ1b2JKWXZoT1M2Q0lxTUNOYm5HZmgwR2psLWJ4dUxNeThub3Zhc29SQ1V4c29fN2tNdHd2d0RnVzA3NDM2VWZxRThOQ2FMNlRZTjYySzRNUnBPMFdNZ24xU0E?oc=5,2026-01-27 10:00:00,Daily Nation,Start-up trying to make a mark through crafting healthy foods Daily Nation,2025-01-02
11 men and women who could influence Ruto’s 2027 Mt Kenya plan - Daily Nation,https://news.google.com/rss/articles/CBMisgFBVV95cUxNZ2luclpPQWM4dTB4VHhLZEZ4UkxNREZVaDVOUnVnejR5dGZaaFhRTkJmLW9sbTFxMkVxTHdycTUwMHNkSHo4NWNVTXdfc3JfSTRmenFjamJLdGhnWU55azNNS05mTlNxOUpzNk9laFYyN0I2NjhxRHBtVW8xaWVaelhYVVBjZ1FqVE83TUprcHBGS2pzVVlydU5JaG5sREkxWkwwQUJyU251em5Uek5XNjN3?oc=5,2026-01-25 03:00:00,Daily Nation,11 men and women who could influence Ruto’s 2027 Mt Kenya plan Daily Nation,2025-01-02
Health CS Aden Duale: UHC workers to get permanent jobs from July - Daily Nation,https://news.google.com/rss/articles/CBMiqwFBVV95cUxNUExsbTNCVzI0cnFhZi1JWVlsNlNiQUxIeHBZTERUN1kxczIxM2VFRG8wSFg2azhrWDdCRERhMHZpSHU2OXd3aG95WlZFTk1FZGgwMzRCWW93N3czTDIzNXR3cXFxTE54TXNlNEM3eVpJUkloZzlqZ1ZGRmtSaWxGeElRTDdwSW4zZk95Y21QTDhmdGpMZ3NQUTdoTGV3TlVDSDZwSWMyRVp3dm8?oc=5,2026-01-27 16:51:28,Daily Nation,Health CS Aden Duale: UHC workers to get permanent jobs from July Daily Nation,2025-01-02
'Mystery' sponsor leaves 16 needy Kisumu students stranded - Daily Nation,https://news.google.com/rss/articles/CBMirAFBVV95cUxQVUNOdHB3RTNzcmRMaDlBSV9LV1gwNUJxQWVqa1E3UV9zVUNXUXp3UmxEdzdFM3VQYWFMRWZEaVluYUZldk85Tl80Z3ZYTEFYUklKMlRpMEtsU1pZNGRlQ2xBNjJ1ZDRKbFVzcFZIRk9DcmpObVBra1dqZlpmNTFUS2dYT3NYS3BkbXpqbWZDWm9nNjhyZ2FpbENudi1FSGt4MW1xeURNWkJMb2c2?oc=5,2026-01-21 12:53:37,Daily Nation,'Mystery' sponsor leaves 16 needy Kisumu students stranded Daily Nation,2025-01-02
Karatina police shooting: Sleuths probe possible personal ties - Daily Nation,https://news.google.com/rss/articles/CBMisgFBVV95cUxPM191YWNDMk5BeHdoWFFYNTFXQ1N3QlQ1SXd3OUc0akhCcWVob20tVnJiYmlJY0tfZVBmaC0zc29yWjFuUEhSdnhaSkdRaG5DSXgzalZJU0xNb0w3RG5LeFByRHN3RTdKMXBjWkU0eDM3ejg4NktXNVhGbnJzSGRocUgwa1hmOFF6M243Njk0dElsa2RHcjBzSTJKUEJVd3BrZlk2Zm5RQXg4OFY4S2R1QnNB?oc=5,2026-01-22 07:00:00,Daily Nation,Karatina police shooting: Sleuths probe possible personal ties Daily Nation,2025-01-02
Sakaja risks six-month jail term over staff CBA - Daily Nation,https://news.google.com/rss/articles/CBMiogFBVV95cUxPRENVMzNIU1pWaDFVNnItRlRxNUNOaEMzc1VLVDd3eE91dVVvdDJHSVRqVWNIWW5VbWJXTHVNNEFMSERxcXlGRlpFenUzU3hPSzlHc1p1NUZ2eThKYTl5RlF2MlptaC01MFd2MkZKTHR4dzlHX2h3UjBGcnBRd0Y5dmRILXh0VTd5QnEzSmEtMDNELVFkQk5DYkZyd2VHeXhWcWc?oc=5,2026-01-26 12:55:47,Daily Nation,Sakaja risks six-month jail term over staff CBA Daily Nation,2025-01-02
"Mombasa port fully prepared for Turkana oil exports, KPA tells MPs - Daily Nation",https://news.google.com/rss/articles/CBMirwFBVV95cUxQVHY5NmZDN05RU0VoQmUtQ0N2dUdhRXBGVkZaY25mMzZMalBvc0wwb1Q5V1hoR1F5QkRiVEk4ZEFjTnJwZEJrMVl3TnBkS1IwZ2N3RXB3M1J5a2hRVzAwVzlscjhzS3RkVk1jdVhhVW8wLWRJSFpBZS00Nmx4OTFZTUxxWWVzYVdMNkoxaUZ1cEU3YzgxX1VHRHhwbzIzR2l0c1gwdXRnS3N6SlE5c3o0?oc=5,2026-01-26 10:06:08,Daily Nation,"Mombasa port fully prepared for Turkana oil exports, KPA tells MPs Daily Nation",2025-01-02
Matiang’i: Murkomen office break-in was an inside job - Daily Nation,https://news.google.com/rss/articles/CBMipAFBVV95cUxPTnpBRjd5dTB2WFlyMGRYRi1tZFZRaUZ5QkEybzFfQURjWGowWlpDNzh1QVVMMHR2RnJNU0FHdy04UmVKNUQ1WFJjQWktQlBIRUl4QWVVejM5TVp5b0lFSUs1X0ItZVdFZDBHamFESHFTc2Y2WG5oaWh4VklNa3o1SVN1R0tYRXN4bFlST3M0Y1NuM1FSOTlIUWFHVFpDeFNZQjBPQg?oc=5,2026-01-26 10:33:26,Daily Nation,Matiang’i: Murkomen office break-in was an inside job Daily Nation,2025-01-02
Guinness World Records confirms Truphena Muthoni's title - Daily Nation,https://news.google.com/rss/articles/CBMiqwFBVV95cUxOSERhNDQtWWtNZXliVllQdVotMm5qbE5NYjFxMDN2WUNEbk5ZQ2FLd2pKZlFnb1ZiNTJPY29BSDdkOGdBMkl4Yko1OURVNXZZejhpV3F6UU1RZTkwUHBHOUdSaFZGcDB3dU5ldjZpb1EwRjFVRGtJeUVjZjBpbTc2cVhmR1A4aDl1ZkRNaFMxczFYQlhTVEROUjh6MkhRb3ltZV92WTU0WDFxb2c?oc=5,2026-01-26 14:19:37,Daily Nation,Guinness World Records confirms Truphena Muthoni's title Daily Nation,2025-01-02
Oburu vs Winnie: Echoes of the past in the divided house of Jaramogi - Daily Nation,https://news.google.com/rss/articles/CBMiuAFBVV95cUxQeUU0MHZZMWFNQTRHQmE0NWR3YnVZUmJjNmx6bXRCSHBmaWh5QjQ1bG15LTZPMGxlcHVDSl9mS1p0UGtidW5BZFF0UHRQOTFKTVpVVHpOWG91ZTAydXhBdTk1Vm93MFZ1bGVKTjdZcjZ3RllWOGJldDB2UG5Fb3Bac2lPSzBLLVBrNm4zZzI0YzJ2eGdUTzJ5T1dZemZyUi1qTnJEZzFmUVdHZ2tSa2RwR1RxTlN1MEJ2?oc=5,2026-01-25 03:15:00,Daily Nation,Oburu vs Winnie: Echoes of the past in the divided house of Jaramogi Daily Nation,2025-01-02
"UDA proposes pension scheme for governors, MCAs - Daily Nation",https://news.google.com/rss/articles/CBMinAFBVV95cUxQR0VhZ2gycHE2MGVJV2d1T1NIcktLYURGSmZUaDAyalZNdmNoTmZUOVFLeURHWVJsazBkWnJ0bnJwZVhEOHZoUHQwSTMzSl8xeTFFOUxRdkdmVElFUV84WHlGLURlUExqUU04OGJvWXVfcUZIR09jRlFEQ1ZmRERXSUZhemRnQld0SGZYblFTaG9CcFVsRFlVMFJIb3M?oc=5,2026-01-26 16:55:08,Daily Nation,"UDA proposes pension scheme for governors, MCAs Daily Nation",2025-01-02
JSC unveils 15 to take up Court of Appeal judge slots - Daily Nation,https://news.google.com/rss/articles/CBMimgFBVV95cUxQSTJGbGtXMHFjN0g5ZENjcHRVOUpkM2haeV9MUGpTNE92MHhjRkc0OWV5bjE0SjhIVFpxTS1oSUJXdFZadUJXY1B0Q3NyRlhQZmRRSFgwT1czTDlzU0huNkt4TFJnYmxkODdkZXpDWlhFamxOZS1lamVoWnJYZXExUVJvV3JpMm10V05tZ3g3VWdzSHc1bG91VEZ3?oc=5,2026-01-22 17:08:38,Daily Nation,JSC unveils 15 to take up Court of Appeal judge slots Daily Nation,2025-01-02
"South Sudan orders UN personnel, civilians to leave parts of Jonglei State - Daily Nation",https://news.google.com/rss/articles/CBMivgFBVV95cUxPNmVuZURIM2RYRGdkY2x1azIzVlZvalNXdXhoT3Y1MENXX01laldJamNsQlh4alhxY2ZNekF5YXBBdTB4bFFNcEZEV3hPNVU2VXhvT1FjUHpiU3FTN3d1UmVTV2xKR0NpN3BrOWdQeFRiT0NVYno0X3UzZkV0SnNYRVhHaDNQcXo3RVRjVFY0S3lDVTNJQ05zUXpFY0JpY1VJSkpXZ2VCWDdpaDRJaWlIVURLdUszVFp2NUxGTkR3?oc=5,2026-01-26 09:15:20,Daily Nation,"South Sudan orders UN personnel, civilians to leave parts of Jonglei State Daily Nation",2025-01-02
Tear gas and bullets: Why violence is a hallmark of Kenyan policing - Daily Nation,https://news.google.com/rss/articles/CBMiugFBVV95cUxQLWk2UTh1SEIxTWxaOHE2WVUzb19jTWp2MmRmM2lMQi1DbDJNNWRUZnRGLUVpdGNNOXZZRXJyUWc4N3NvQ3diWVVwQlNQa0RlcGM1NHJHU29vOU5VcXh5X2JCQ09xY1VLaTZvSFgzUWJyY041ck94eDlwa0NaLVVyUExISHN1dzVjNVdGNFB5V2RIOElIRmFMakIwSWIxXzBWdFUyX2ZvTHBNMFJ1S01RTnQ3SmdfWU5waEE?oc=5,2026-01-26 08:25:38,Daily Nation,Tear gas and bullets: Why violence is a hallmark of Kenyan policing Daily Nation,2025-01-02
Police officers accused of killing man in Mukuru held for 3 more days - Daily Nation,https://news.google.com/rss/articles/CBMirwFBVV95cUxQU2lmMnV6VU5mc0hDd1J5QUFldFpjZmxmU0VXSDNUZDhmNjJnRHllakQ4SlZ1dTRvYVZlNzNkN1h3NnM5MHhWdEI1am5nYllPYUM1N2hTUnlGOG9rVXBXSHhjbDVHa3FWdG5CaTVZbXhldTBIOUZyVlFuaG5XdDAyRGctaEVUUm9abVNCcDhDMEpWNmVmeXZNbTBfaV9laUw2Y0wtRmV5WDBnQlNGakNj?oc=5,2026-01-26 18:21:17,Daily Nation,Police officers accused of killing man in Mukuru held for 3 more days Daily Nation,2025-01-02
3 warders jailed for aiding escape of terrorists from Kamiti Prison - Daily Nation,https://news.google.com/rss/articles/CBMirAFBVV95cUxPMTJiem9SQXVsRHZNZGhrTGRVRlQyOHRKM3B5bWtDTkJMOXMteG81X0VXU3dFTWU2MWxPdGRLcm92ZUNaT1NKdG9VX2hwYnNRNWtBVlNOQ2tnZkMzN3oxb1UzWTFEcHQ3YjlpYWlhTExqUklGTUNJN2pOa25Rd2pPRldORHBra0wwRkxfVHZQdjBuLUVfU3ZPc3VYQkExRUJPVG05Zy1fVkpDYmxD?oc=5,2026-01-26 17:12:18,Daily Nation,3 warders jailed for aiding escape of terrorists from Kamiti Prison Daily Nation,2025-01-02
National schools’ low intake of Grade 10 learners reveals gaps - Daily Nation,https://news.google.com/rss/articles/CBMisgFBVV95cUxQR1NBeDdEUXhKV2hNR0ZJc1lFTEdBa1NUOUlnMG15Zk5idEVKdXNrU1BpbEhyQmZYVUlMdG9GYXlJUjBxcEVxUDY2ZEN6ZERISDdsc1N4OHBHRWhWVEdRSGZDSU4wQXRsNE53bGpoQWp2V3RBLXVhRTNtaHpiX2czbkVWMGpPSUk0RHg4TXRmMERNMGd6ZjlVbDJWUnc1ZEd1eVhVc3RTblZkWFZoVi14Q2VB?oc=5,2026-01-26 05:31:17,Daily Nation,National schools’ low intake of Grade 10 learners reveals gaps Daily Nation,2025-01-02
Machakos County to merge six water companies amid losses - Daily Nation,https://news.google.com/rss/articles/CBMirwFBVV95cUxNOENSX0tMZ2tzdF82c0R3MEo5ZmI2TTI2Q0ttRnl6YzdxQm1fOU1HNk40QTAyQ3YwT0FlMnJna203SEhfN0dZWnRySGtqZXNvN3Z3TG82ZDhVckFqTWhDekU0UC1JcGVXSHdmR0dOMkVzSUlyMXBYdmpIVkNxR0psV2xMWVh4NEMyOExpVnFrdVIzTkhlMnMxYzNvQ2Z1UTFTLW94aXBSVXZFTUxuWFYw?oc=5,2026-01-26 13:02:45,Daily Nation,Machakos County to merge six water companies amid losses Daily Nation,2025-01-02
Act now to save this generation of learners - Daily Nation,https://news.google.com/rss/articles/CBMiogFBVV95cUxNSEtDWnpGbExoRmJEZzJTLWFkYjVGa21QYnV1cUJyYlhwNVB3Y0tzc2w1dXNEaGV4Zlp1bXpIOHhqWlNLS2U3c3pBalVqcGVVNkg5clU1Z0VhQ195bDFlWFBndFZTS3psRW8xVmFJMEtJdnZWVGtqQVJ1T2FIYU1lakI0b1R2ejBNbWQ3SW1FTGE0dzlHQ3UxWGRFUDEzem16aGc?oc=5,2026-01-20 21:00:00,Daily Nation,Act now to save this generation of learners Daily Nation,2025-01-02
High Court halts construction of Sh11bn Riruta-Lenana-Ngong rail - Daily Nation,https://news.google.com/rss/articles/CBMiqAFBVV95cUxPMzBhcERRZjRJVHFkMXhuWjBYX1I4M2FiX2xHOHhVWG1UT3phUzdHbEY3OG9nZ3d6MktJdXoyaTJUN29LVnlSS0E4ekV3T1hEUTBBR3hGTFZoU3FKeFhoOHozWXNXUHRMeVBlbXVHNVZueDA5Q3M0b1VYWUlWX0Ewdkg2SUZpQkJrV2pPOEI1aDI3SVJQUGNZZFFhMnI4UGhKMS1BYm9EcXU?oc=5,2026-01-20 11:32:45,Daily Nation,High Court halts construction of Sh11bn Riruta-Lenana-Ngong rail Daily Nation,2025-01-02
The path for women's groups to qualify for KPC shares - Daily Nation,https://news.google.com/rss/articles/CBMiowFBVV95cUxOYndSM01acU1hQlBtWUpsZWUxUU8wQVRlUE5CSzREZVhFbnk4cmtUTVRkeXRKTGhRMFFsT2hsSUhWR0pldW8tMzVqdHZpckllWHlURzhKdmQtcXA5eFhQX1pWOEZvOFJPcUZvOE5mcEZSVnprRkdoWFRaWnNXQ1pNTDd4OFpEaVpUcXZFVEFjTXdvbDhMZVEwMWs4bXFQQm1ra0RN?oc=5,2026-01-26 10:00:00,Daily Nation,The path for women's groups to qualify for KPC shares Daily Nation,2025-01-02
Teacher and chief killed in night Al-Shabaab attack in Garissa - Daily Nation,https://news.google.com/rss/articles/CBMitgFBVV95cUxOcWswUmV3N3c4Q3E5VGRaMERrQ0ctVkJEYlY5R25zajNPa1Q5VEJVOHhObW4xU0RlRDRMVl96c2g0XzFRdDNwbU1QQ3ktbUszM0ZnUEtDNWtaRE12bTNKYkh3cmtERDVMWjFvRml6d09HSlV2X3VGcHFNUTdsaGk3UXlaOHNnRlg0Q2EyTmJjLWktYW5TM0p2OC1vLVdMSTJ5b0QxY2tOZDFzWFptU3ZuY3IxWVo0QQ?oc=5,2026-01-26 10:29:29,Daily Nation,Teacher and chief killed in night Al-Shabaab attack in Garissa Daily Nation,2025-01-02
Cervical cancer while pregnant: Can you carry a baby to term? - Daily Nation,https://news.google.com/rss/articles/CBMisAFBVV95cUxQVDhVUFpnYngtNHgtODlfMk9XeEZnMmlDcS1qVnVYUW0zenRfeGVndlV6ZEhjbkNSbWxmNC1vUVVDbF91OVRTbjhlZXNoaEVkSTNfYjhWNjk0Ty1KeWVKR2lRQnhzZE1ldkZWZWJKT2JvU2N0ajUxNXNrX0RVZk96WnpSd2d3R0ctUjk1OEZDb2QxOXcxZGtYU3pXcFRjLWZpcEJVMW0wTEFOUnI2WTN1NQ?oc=5,2026-01-26 10:36:42,Daily Nation,Cervical cancer while pregnant: Can you carry a baby to term? Daily Nation,2025-01-02
"Grade 10 textbooks distribution delayed by Sh11bn debt, says CS Ogamba - Daily Nation",https://news.google.com/rss/articles/CBMivAFBVV95cUxOWWFmM05SNGNtVF9RZUc3a0FvU1FmMmNvQ1BmNGNGRDhhamJCU3JWY054NDkwaTRMSGRDY3F6cGxtVWZtQ1NTOFd4SGNvTWN0bzM4Q0hIQ1lXVnZPdW16b0RBNG0tNzd1TmE0MElvWFRRLVZleDhUS2JwUDlVMWQzTXQxMzNtY3VzN1htMHFSREdJSE1pV2R3MUZuRzVRdjkzTERyb0JhazdqZXFqVG9IbklzMi1nenNqVUdTVg?oc=5,2026-01-26 08:00:00,Daily Nation,"Grade 10 textbooks distribution delayed by Sh11bn debt, says CS Ogamba Daily Nation",2025-01-02
'We feel blamed': What men really think about misogyny prevention - Daily Nation,https://news.google.com/rss/articles/CBMisAFBVV95cUxNam1yMzJiQXktTGpQUXBzTVFJLXNLT0JiTGtNQjhnVDBuYUlENXVmRk5tSVJPaTJsMXN5TnRFR0tlcVpmQmlNZXVSSDRUQl85aFM1ZTc3anhXSlB0c2ZVVi1tOTJpV1JQY0FhVk9hUUFhYk03eER5a1pGU1ZQdTU0WWpBaHpkdmt0a1B3S0ZSTmtva3BkalJGN1diZm1acUtDUlQyT3BNRVE0dGp0VVJlaw?oc=5,2026-01-26 03:00:00,Daily Nation,'We feel blamed': What men really think about misogyny prevention Daily Nation,2025-01-02
Kabras coach Carlos Katywa closes in on 50-match unbeaten run in Kenyan rugby - Daily Nation,https://news.google.com/rss/articles/CBMisAFBVV95cUxOWVBxdFFmMHJLekUzVjI2T2pFeFkyQUFYY2dJNk0wb3JEdzQtdi1NeWt6aGdTbV83Z1pxeFpWZ1B3cEh2d1pfOTdZZDdyeHM4eEozOWtDM1Z0YUpiMmRaS192Z0dQSDBwVTQ4bG1aU1FWVmVwZkdWX01Ed054QWpjU0hTWkJaalFLX1ltUzFHSVJYcnZqTWNqWjRFUFkxUkJwWXhOVmlJaEpNRWR3aWwyVw?oc=5,2026-01-26 03:15:00,Daily Nation,Kabras coach Carlos Katywa closes in on 50-match unbeaten run in Kenyan rugby Daily Nation,2025-01-02
Inside ODM’s ‘Linda Ground’ plan to protect party strongholds - Daily Nation,https://news.google.com/rss/articles/CBMirgFBVV95cUxQWEs1RmQwVm5jS20wYllOcUNlZVd1TS1DSExWSS1mVXY3RWhwaTAxRUs1X2F1cXk4dlo2Z1VEbXgwT3o1eHhWYkdLM2FqRjRrUTRnU3ZkcjdRS0JnQVJ0b2JQb3h0T1VpUkRsbEtSNWdJa3pENzVqbWR5RkQ5VTd1RGVTbHFvbmZtMDBpM2llTV9jM0Y0UHRyX2ZnbkUwWi1qZ3piRERqNFZaSFg3R1E?oc=5,2026-01-26 03:00:00,Daily Nation,Inside ODM’s ‘Linda Ground’ plan to protect party strongholds Daily Nation,2025-01-02
Milk deliveries to factories hit record 1bn litres in 2025 - Daily Nation,https://news.google.com/rss/articles/CBMipgFBVV95cUxPcF9DZzQxQzRWcjVyWlJRY3ZiUlIwZlJiWjN5ZUxLTXJMc3d5bzIyZVFFNFBBSjVQVFN0MTdXNkpyOVk5MmUwSWhjRDA4MzJpTnRsWS1yZExHM0RQRlBuVElfM3hvSDMycDJrNF9IYlVlZHZGZVBIVEd1NFItd0Q4UkFDZFI3WVRBdEJjcFNaWUYtTzFkZGxST1UyOVJJM1BpQXpBUEJ3?oc=5,2026-01-26 03:00:00,Daily Nation,Milk deliveries to factories hit record 1bn litres in 2025 Daily Nation,2025-01-02
Treasury considers lowering Inua Jamii qualifying age from 70 to 60 - Daily Nation,https://news.google.com/rss/articles/CBMirAFBVV95cUxNQzV2bDNUYTBua3RCSW50NkVDNHMycUtiWk5pTTQ2ZUthWmVGalRrLUo0ZFFsVEtNVU1ESEpqYkxGcjBXdU1HbDNGUDMtY24wd2s3aE5HR1l3a2tKYTNsVU1TX1A5T2tKUTlOVXlmWTJRS3diNGJOUVctWlpPRmhkdFI1VXllTDQzd3gzdkxTci1Vbk90cGxuZnp4YUxHU3NKTy1JNk5EX1RWQjAy?oc=5,2026-01-26 14:28:28,Daily Nation,Treasury considers lowering Inua Jamii qualifying age from 70 to 60 Daily Nation,2025-01-02
Africa on the back burner in Trump’s first-year scorecard - Daily Nation,https://news.google.com/rss/articles/CBMinAFBVV95cUxQbGtHNVItYmREMGp1cWZwajYweDJkRFoxTHRJbFVLSzBfN0tJbVBNaFczS3FkdTlBXzlzWU5vU3pYYVVkS3oxWTRyeVJ0T1BlNHdMbkg0THNxVGpDelVrNEtnb0l2Sm01X2JGbEZHdlNLRE9MczVBeFZoRzdZM2gwYWhTelVydElpblBWbHBveEpSeU9HTldnUE5oMnI?oc=5,2026-01-25 14:00:00,Daily Nation,Africa on the back burner in Trump’s first-year scorecard Daily Nation,2025-01-02
The legal risks of exposing an ex online - Daily Nation,https://news.google.com/rss/articles/CBMirgFBVV95cUxOcGZEMmdiTTV2MGF0MDczTFA5Yk15U2hjNk5sYWVyN0xLSl9uWUswWGV5bkFYOWpXeVRuV0hyOEo5XzhoMUtkUC1zXzFIdS10bHdrQ2owV0g2djllNGRMVUF0ekpuS2hKZlNEUVFuS3hfN18wTUJYZWRTdkdDb2wxQUJoSXlaZE1xWlA5UDBvQWcyMVFLUi1mWGJiUE1vN2IxU2Q0TElpRjlfRURFQnc?oc=5,2026-01-25 14:00:00,Daily Nation,The legal risks of exposing an ex online Daily Nation,2025-01-02
Shortcut to nowhere: The fleeting promise of Nairobi's luxury weight-loss drugs - Daily Nation,https://news.google.com/rss/articles/CBMivgFBVV95cUxPV00wWkw3c1M5R2ZKWXpDY3o1WjlxMUNBTmRYQ3FxS0FZYThxQ1FZV0p5ek5mYUJUZjQxa2lPRWlndGpFZEtiM1RLUTZWZ0pEck55OXRSTkNqOG5QYXNEY0pkNHJLZ0FRX0c2RXl6SUNmZ1FpVmtLZ3JFcnRsSmd3OVFyNy1DYkZtNmlTaG50OHhVRGRESXA3djJ4eTZoY3FwVkJfSlBaX1l2dEI1SWx5WmU0RDNDQWlleThSYi1R?oc=5,2026-01-22 10:00:00,Daily Nation,Shortcut to nowhere: The fleeting promise of Nairobi's luxury weight-loss drugs Daily Nation,2025-01-02
King of Kikuyu soul: Wanjine unlocks the formula for streaming success - Daily Nation,https://news.google.com/rss/articles/CBMiwwFBVV95cUxOXzJ6Rjdnd1VwNXlWNDB1empKRzhuZU13UVdVZ3FVTDVQREhNNEFUUVk0dGRBTlJ6d19UajdHcmpjVkdWMFNBSDBzV0RWN0RIeXFubU5HdllSOFlaVVBfRE9UODFEVkJaWUZpSUFjM2c4QTAySnVuTEJYb1dZWTZPUzZlSXpvbnVUUkpfenBhTnF1SFJiQjBQc2FpMXd6VnQ0TXVybVR2eV9IaVBpUmptRlNGZ2tDTWdMMnZ4SmkwSU1tRWs?oc=5,2026-01-25 14:00:00,Daily Nation,King of Kikuyu soul: Wanjine unlocks the formula for streaming success Daily Nation,2025-01-02
'They strangled her': Bobi Wine’s wife hospitalised after brutal military home invasion - Daily Nation,https://news.google.com/rss/articles/CBMizgFBVV95cUxOaVMzTXdfRnZUZUdOY0tvMTViRVVUc0JhV0RWbUdMY1VNMTVjd19ObUx1RFhOMDIyRkpKRXdKZnV3dmVENnVWZHhDVXBoYTBSSlhaQmdIZEIyaWZ6cGVzMDRnOHo2MkxUWUM4Ny1kamN2cjEzR1huMGJQMWdJM2Z6YjhBNUd2RUVaamtTd0MtQmZIemtKR1NVc0ZzMU1wV1dKTENodzNxb1JxdTlPcEFlZXNTeXFvX1hLRVNvSlptbjBMWHVod0R4dzRyeUdadw?oc=5,2026-01-25 09:11:58,Daily Nation,'They strangled her': Bobi Wine’s wife hospitalised after brutal military home invasion Daily Nation,2025-01-02
Kenya U-20 captain Amos Wanjala joins La Liga side Valencia - Daily Nation,https://news.google.com/rss/articles/CBMiqgFBVV95cUxPVjBsdmtPbmNWY0xHLWdRVEpod0NRUG5mRnRWXzN6RFh5dF9UTTVNSEZoWXJRcDNjckotVE9fbWhQSnREeXVrNjNlWW5UQ3ZHR1BpTnp4SjZuOTdSQjdBaVpyVmZ3S0VZRk14ZGpfQkZXOV9VUWxCNlFDVHlIOE1oZS1NLXlPQnN1d25veXN4NUFIRnRjd2lSRERYQklFcmZVU3lrZFNCM1JmUQ?oc=5,2026-01-25 13:10:39,Daily Nation,Kenya U-20 captain Amos Wanjala joins La Liga side Valencia Daily Nation,2025-01-02
"MPs retreat: 2027 elections plans, senior school chaos, and SHA top agenda - Daily Nation",https://news.google.com/rss/articles/CBMivgFBVV95cUxPSVhOX0k2RGUwb1lHWGpMZE9LYlBnMjlOUS15Y2VseUZTY21TWmkxNjJpRmpzd1hVY2xFcjZfR01jVjJNSlpNN0t6U1doX1lrMUJwYk9DT2tlc2RPQUx2SEg3OVRSV1hCblN1WG1yT09aUmhBUDBlTl9lQ3FjTTBWa0R5bkZRZ2dCdmItNXR1RHF2TFhXanhDNkw2aE4yS25hYV9aUG1zQUdmRU9vRTMyNUZJWS1RMjQ1cmdDRVJ3?oc=5,2026-01-25 09:51:40,Daily Nation,"MPs retreat: 2027 elections plans, senior school chaos, and SHA top agenda Daily Nation",2025-01-02
Police lob tear gas at worshippers during Gachagua's church visit - Daily Nation,https://news.google.com/rss/articles/CBMirgFBVV95cUxQWFRKVC13SktUZkxTZ1d1cTJCTlBVTVMzTVFJTmd1SlRrYTJGZU1mQWRBZE94NXVpcnBzdndodU5YM2Z2dllOLVJIM1M2VlBmV3YtR2kzTVEyRk83b2tRYWNKYVF6UHhtTWpnYnFJNDc5dGZkSU8zZW15MlJyalNZdExSTS1McElDZWlxMG80TDRwT2JzNV9YWEJMZTJjelR3WkFsM25yYXR1SU1aRXc?oc=5,2026-01-25 14:21:12,Daily Nation,Police lob tear gas at worshippers during Gachagua's church visit Daily Nation,2025-01-02
"We found church on TikTok: Tales of no offerings, tithes in new gospel - Daily Nation",https://news.google.com/rss/articles/CBMiygFBVV95cUxQM3k0S3VUUTVseGZjSWdFN2Q5V1I0NWRfWTU5UEl3ZTFKV05fcVFVNzJvclhwTjlIb2FqTFFraXVzWlpYc19ySktiNFprMTdxVFIwelMzYlFwOWtuSTRCVG5adlhKZGpEM3g4empJNjN3YXp2T09KMzdhN0RCbGpWb2ZIMEk2bjBjQVZxN3VtQUFVT0ZiNlpjSGZjQ2ZERExhdm1wWm41QjJWa2JUUlk3WjVwVDgyODhJcEZyUEVGS3JqVlV2djNiTHJ3?oc=5,2026-01-25 09:00:00,Daily Nation,"We found church on TikTok: Tales of no offerings, tithes in new gospel Daily Nation",2025-01-02
Prayer as protest that unseats arrogance and resets the nation - standardmedia.co.ke,https://news.google.com/rss/articles/CBMivwFBVV95cUxPVXhMejd3UmxSTWhxa25hcTZWbWlva1o5U3FjX2FLQ1VabXdXaTlBTzNwU1NqZE43WUpBZTdDZWV3NUdhUk1XYVQ0di1za1BvbENnLW1wNzVJZmY1RDQyMXo3WVJ6VmtVOHZtRzBqa0RQR0puZGgwQUUzcHk3eVZQakZzMGRCOERnMnZodDhma3Jjdi1wLTZ0X3V4WHpXc1EyZGlhNmI0NWhuZVRYd3VIOHVLZTYtMU9FTWlPWEFUWQ?oc=5,2026-01-04 08:00:00,standardmedia.co.ke,Prayer as protest that unseats arrogance and resets the nation standardmedia.co.ke,2025-01-02
Solar: The invisible burden of going green - Daily Nation,https://news.google.com/rss/articles/CBMijgFBVV95cUxQOE1RSW9LdnJVWlQ4cVYwSmd0TTBJSkxzOEw4UERvcURtZThWcEdOdVpGNFFXVmp1YnlVakdqXzJqNWVwWDlONXd4enJLb3huTXcxQXJGS1lYZTdIMGVzYVk4ay1sZ19RUWtobWZYdS13RGlXUE1iVGxSM2dyWHdzN012UFY5OEpFSXlTX2t3?oc=5,2026-01-25 15:48:50,Daily Nation,Solar: The invisible burden of going green Daily Nation,2025-01-02
Why bid to remove magistrate in Sh1.3b Loresho land case failed - Daily Nation,https://news.google.com/rss/articles/CBMiqAFBVV95cUxOOENYM0d1MlFYejNpbFhnOGlOQlpXNVMxODFWNTd1Vi1FMDVRQ1gxcFZFN3VaUXhVR1lFalpCU3BPSlVqLTI1SDZ1X1h2d3pLYXhkaTE4bmhoVkk5Z19vb1hfZl9sLW1GS0hQNTRvUmNoNGxzMFhScWM4Y2p0Ny1jQVktN1dEZEtPWlRUM2ExWlZRMXNyVVZNeFFQeDdZQkpidDlGYjJMT2Y?oc=5,2026-01-25 12:38:27,Daily Nation,Why bid to remove magistrate in Sh1.3b Loresho land case failed Daily Nation,2025-01-02
World Bank climate project suspension adds to Governor Nyaribo’s woes - Daily Nation,https://news.google.com/rss/articles/CBMivwFBVV95cUxPYmFBNmxrcTg3VE9tLU1qajhrZnB0Z0xGUTUxZUctVjNfRW9INkgxYUtfencyVHU4ekhDVEJXa0pqYzA0UXpHYzJabS1OMTItLVZmcHlzSk02SDYzbXoxZlByR1JIU201SElqWnZwRXFSaUpvQTA1X1piU204NEVmVDA3c21ERUVPeklFUFNETU5jZlUzVkViLUkwQmhiaUFlOC1KbDVVazJpa29TTWpJSTJ6Wng3aUx3NjgtYWdJYw?oc=5,2026-01-25 10:18:50,Daily Nation,World Bank climate project suspension adds to Governor Nyaribo’s woes Daily Nation,2025-01-02
Double blow: Two judges slam the door on Ezekiel Mutua’s MCSK return - Daily Nation,https://news.google.com/rss/articles/CBMiwAFBVV95cUxQLVRhQ0RzMHF3TVUwY0hFaEstVFNaS1VPVF9Pb0NrN29fRjRxbUZ5MEFjd0FuUjN2VkxzQkgzM1c1RXdkcS0ycGdEcGM5R05XWWZLUnN5WUY3bnlLbW5QbThjRGVXR3daNHhoc3FLdEJWZkd1cWhLaEg0dXZZakJvVEM1ZFlLR19rbVY3WGJJUHYwbktJVG42M1pTd2NTbTkxZFBhdUxuNjVlRXRZVWdsenZWb0ZIcDRrQzN6Z1hOa1I?oc=5,2026-01-25 09:35:28,Daily Nation,Double blow: Two judges slam the door on Ezekiel Mutua’s MCSK return Daily Nation,2025-01-02
Okaka: From ‘mjengo’ worker to world-class boxer - Daily Nation,https://news.google.com/rss/articles/CBMinAFBVV95cUxQWERlVm5wS2I4Y0dKSUppNVJHcUQ2OUZ1TWZkV0RmeURzSzltOWNOYUZiUERkNnNUZE1CVlJRYWViWmQyc09LczJwb2JtbEdOb0MtbXR6bUU2dTdNeWVSWUNCRFRwZzE2WTU0LVA2SVgzZ21YZVBwQjJrSTNaU0JKYW5LMjF2X2hGa2EyZ1NRcDVQQldteEpJSVpoWFE?oc=5,2026-01-25 03:00:00,Daily Nation,Okaka: From ‘mjengo’ worker to world-class boxer Daily Nation,2025-01-02
"Mystery man breaks into Murkomen’s high-security office, stays for five hours - Daily Nation",https://news.google.com/rss/articles/CBMiuAFBVV95cUxPUHZadjZQRF9sT1U4dlIwbVFvZTN0R0I1aVNmMmVnelN5bU9SUDlheFhYNHp3Tmx3ZmhPb1VHdG5JN0tiMmNaLTVPb1BJVk5icS1UVkNuc2Rrb0ZjcFRvZjNWdHpTcS1uRjFyWThLLVZ2cnJEd3hCdDJoaDVmWnIwVVpwWGcteTdkRFlIbUdiNWxERjEyWXEyZDZkelZybVVwd2stOHJHSjhDTWhSWkFpQnJ1eUU2eVRK?oc=5,2026-01-25 14:06:03,Daily Nation,"Mystery man breaks into Murkomen’s high-security office, stays for five hours Daily Nation",2025-01-02
"Kenyan parents, wake up and protect your children - Daily Nation",https://news.google.com/rss/articles/CBMiqgFBVV95cUxORGl5ZWZUa3JwOHFsQnBxTDFRQ3dlZUpRNGdQeWt3NXlQRG54RjVveTNMYVd6RTRjZ3ZaLWJHLTlMMmJZc0UwZ0pmLWpmaFhXbnI1MWJTUHlDZ0hIb3M5Q2xzS0NISTQxQWtsOFAxOXFFVjNMeG9Zal9RSFVZZE9NZWl5eGJpS0p2R0lNVWo3Y0M3Z1JLVmRyTmRDWk5tb0kzTmVwZ0pnMlhtUQ?oc=5,2026-01-24 21:00:00,Daily Nation,"Kenyan parents, wake up and protect your children Daily Nation",2025-01-02
Gachagua: DCP will hold free and fair primaries - Daily Nation,https://news.google.com/rss/articles/CBMingFBVV95cUxPSFloWnBPdWMwUm0ySEh2clNCLVlEdk0xdFJUZmV1VVYwN2xYTFloRVdCQzRDT0NPN0t6MjdhQ2syelBDNjB5ekpJNnB1Zk1XcGtMcm53elJwSXhBYkM3T2FHQ3J3QkhvR2FPSGlZck5jOG1jWXdkYWcyLUNuNER3bnhMdTI0R25kYW9qV1duNVZqVVpOdXFyRnA2QWtPdw?oc=5,2026-01-24 19:19:36,Daily Nation,Gachagua: DCP will hold free and fair primaries Daily Nation,2025-01-02
South C building collapse: Re-inspection of ongoing constructions begins - Daily Nation,https://news.google.com/rss/articles/CBMiqgFBVV95cUxNc0JjZHFBZFpaU09mOVZHWVVXNDZyMktlS2VtMU00ZTY1TXhTanI1VmpsXzZ6ZXVwNFhNakVCTDhCUDVldUk5UzNCU29TWElFcUdmYk9CMEFDUVlJcnJTYnM0QzhBeEtGMFVFZ3lfTkFzeldZMEVHM3dxUWNDNHJiZkhCWVQxLXBKZTlvNFNMLVZYRm1pY19IU0k1VkNMSC1neHRsdE5XRUdqZw?oc=5,2026-01-24 14:37:20,Daily Nation,South C building collapse: Re-inspection of ongoing constructions begins Daily Nation,2025-01-02
Beyond the CV: Why Ethiopian women are switching their ethnicity after getting jobs - Daily Nation,https://news.google.com/rss/articles/CBMiygFBVV95cUxPa1Ntb1hueGdlN2UyRTNPYUladVB3TE43VU1ab1ZwSkhLSGh2YjFPSldRQ3pHNHFUTUtMWWRtblFmN2VRV0tnazhyay1GZVptcEU3LVFQdDZpZ0ZVVlZrVno1aDB0MVZSTVFXY2xPdlh5cTEyVm5lTTZkazI3QzF3TXpZbF85SjYzVjVnVzJYYXVKNk5udVpRSWg5d0pyRnV6U2lXS2JCc2N6T2FUOWxaOC1GcEV4Uk1QUEx4S2tOVXlQaTE4ZllkeWZR?oc=5,2026-01-24 16:34:22,Daily Nation,Beyond the CV: Why Ethiopian women are switching their ethnicity after getting jobs Daily Nation,2025-01-02
The high cost of the ‘high’ life: Kush Tracey’s journey from addiction to ministry - Daily Nation,https://news.google.com/rss/articles/CBMi4gFBVV95cUxNTWFhQkFsMTRvc1pzTzJrQi16Mm9yTEhOeU1qWUxOZnNudUh6aWEzRlFfUXdfRGJwRnBXVGh2Y25TbzU0SFRuVDZlN3NiV0N6VEFTQ3JJT0NZU2NjaWxyaG5LbHE0NkZrWHZKRG1xcmppSjRLaTVQYW9aYkpwelVEeHJNQU9KeGxHZnQ3Z05FYzF3VDRydHBKNUhxRWk3Z3ZOT0JEQmxldElpUWszRkZ1WU5BU1F2MXdYV3hPbGJhWUJmeEFxbGlNd1VOYWJ0MXJ0SW11RGIyTXFtUW5WX3ZGZWxB?oc=5,2026-01-24 09:00:00,Daily Nation,The high cost of the ‘high’ life: Kush Tracey’s journey from addiction to ministry Daily Nation,2025-01-02
KCB Group buys 75pc stake in ex-FKF boss’ fintech firm - Business Daily,https://news.google.com/rss/articles/CBMivAFBVV95cUxQd3BKV29DbklrWGlRMVh4TGtzZ2k5a3RoRy16WTFtamIxdmN5bFBXVGdxNGx0amtMMEVKY0dVV1N4OUJMamF3MFBRTUVSVFBrYUVPNmtEU09TQnhsMkZFblNPX1pLMVg0RjdudGFUejhXZFlmc0l4dWJlNXExWFRjODlaYXJUNGJ3Z1NxbF9GYUJkZnNKaWVVNDNnVHU2VEFGcXpaSGdrUmRiWjN3YVZwUHJzVmNscm44OGdIOA?oc=5,2025-03-24 07:00:00,Business Daily,KCB Group buys 75pc stake in ex-FKF boss’ fintech firm Business Daily,2025-01-02
"We cannot replace a dam with a bus park, Governor Wavinya tells Senate after backlash - Daily Nation",https://news.google.com/rss/articles/CBMi1AFBVV95cUxNdGFVcF9ZRWN5UUx4aExSekFOZm1ERHRLVDc1ZGVjOUJqcTlYX1FIN04tOGJqdW5STzcta2pyYThiZUpub3FIRTVYRENKc0dkMEVHSi1zc2JtdlZHLVRoLXJkcWRTZjBEbWw1aVIydFNNZDRwazhVb09remkxRVZmaFkyQjhXSmVtWmI3S1lzc3AzQW5RUENfR2wyaC0zOHBhdFluTGZEYVhsLWtjanpJeDRFWUthdWd0TWtBU0VBRTZHb2lsRlpwWlBfT3BER1l6ZFAtbw?oc=5,2026-01-24 10:48:44,Daily Nation,"We cannot replace a dam with a bus park, Governor Wavinya tells Senate after backlash Daily Nation",2025-01-02
Kiswahili emerges as top-performed KPSEA subject - Daily Nation,https://news.google.com/rss/articles/CBMiogFBVV95cUxNMnhmemtVZ0NKelE3aVUzLWhNc2NYTkYyNlU2VjItajZNNHQ0UnU1aFNkbmZyUThyc1djYXh0ZElITG5TTTVyZWM5Q3NXdWxLRkQzQUhxMjBWanladUE5eHhuTjFTSzRTWVMzTHhBa2VySklkX2t1MzJDbkFsLVVVVzU1Q0p6MFVxMjdybkZGRm1QN2NWaEtsN3R0c29DR2pHVnc?oc=5,2026-01-24 14:06:45,Daily Nation,Kiswahili emerges as top-performed KPSEA subject Daily Nation,2025-01-02
ODM wrangles: Oparanya-led ‘G8’ accuses Oburu group of ‘greed’ - Daily Nation,https://news.google.com/rss/articles/CBMirAFBVV95cUxQbFFvTHFJbU5hZGFFaUt3ZU9EdXFzTFF6WXZteXkxSE9DbG01WkVsdkJEWE5UZ08wQkNfTTdidWFSdzAySS1oSXFSUHJXTGhpMWxvbzZ6OTlSSEdmdmJFVUxzYVlTVjA3bkNzU1VsSkY1dzc5SnJPeHU2cEYtaGkxd2pkUURwQlB1c0R1ck9CWUV2ZUt5NFRrVXNaa05IbzZsTUlSRUFMUm40bnBx?oc=5,2026-01-24 11:19:07,Daily Nation,ODM wrangles: Oparanya-led ‘G8’ accuses Oburu group of ‘greed’ Daily Nation,2025-01-02
Absa Bank Kenya poaches executive from Stanbic - Business Daily,https://news.google.com/rss/articles/CBMiswFBVV95cUxPY3JzZklHLUpZU2Rodld1bnZleEhPRFNSMVczXzhtaWE5WU9CckdXYTB1NDNCV0VpOUF0bmhibC1pS19PaHVJNkFBV1lRSFFldW9YV1lrU1dLNXZGZ2FnQXNZUkh1RDVNQklGWjg5Rlo4cUVNTmFGZUlPTGNKd2VWcWFYOFJmZ3FQenBTUWJGS0RycS1jX3FIUDEtTEEzOXJLMTQteWU1dmlvM19UbHcwQThzdw?oc=5,2026-01-26 15:55:01,Business Daily,Absa Bank Kenya poaches executive from Stanbic Business Daily,2025-01-02
"KRA catches 392,162 in tax evasion crackdown - Business Daily",https://news.google.com/rss/articles/CBMinwFBVV95cUxPVHBRRWhnMkxtYUJaazZLblNEazVyVTVtQjZaRnhLMTc4Ny1nMWNkM2tOSzNickdkYWFXb3BXWGpLbm02SE5jUXp0aXFzUUhGdkRreDluUFpNQTA3ejJYYXdlaWRJWnVpeEZpaXVVbU1lUThsMVZtdGU0UGdPeDQ4N29hczlrSW5wQUJHcF93TDB0cy1ZR3FvMmhXaXdnSUU?oc=5,2026-01-26 18:15:00,Business Daily,"KRA catches 392,162 in tax evasion crackdown Business Daily",2025-01-02
Hundreds in limbo as State scraps ECDE Diploma - Daily Nation,https://news.google.com/rss/articles/CBMingFBVV95cUxPSjlLODd6TTlDRmNZM0ZfT2U4dTRHcUx0UjNaLW0wZjE1TFVkclNDZjJvR3RPWWRfc2JXVlVXYnhOOWhJY1hZRmp5WW1JMzhpTTZ1X0N1ZXVHeU5SSzNmTmt3bm9CNFgtWU83LWZ1cnczaEo2QUR1U1JZczZJUldrQ3NHQ05xb2RTT1NRaUVveEtsM210S0RRRWZSVG5jQQ?oc=5,2026-01-24 08:42:11,Daily Nation,Hundreds in limbo as State scraps ECDE Diploma Daily Nation,2025-01-02
"Fake claims, real theft: Sh11 billion stolen from SHA in six months - Daily Nation",https://news.google.com/rss/articles/CBMiqgFBVV95cUxNSXpSV1dwQ0lESG5zcGFJWGVFTzlOM3BUb1JuaWJPU25XQlhMcXpuNENPWjNMUjFMZUpGUFZ1TGlFLUs0MWphclcyalhUeE5zM2NsUERqQVpkX2VCNVRKM0pSYmp4bGlzUWh3S1cxQzlkSlEzLU5TcWxqVUpvSk1sZ0I5dzc4REJoS05VNld3WXpmcnkwWUFZbGdGYks2cTZaZW1jVHZ2Y1hQUQ?oc=5,2026-01-28 03:00:00,Daily Nation,"Fake claims, real theft: Sh11 billion stolen from SHA in six months Daily Nation",2025-01-03
Why we relocated to Kenya after decades in the US - Daily Nation,https://news.google.com/rss/articles/CBMiogFBVV95cUxOcFVKVHRvd3o3RTNQTUtpcFJPNlVCZjFIaG42SlE2ajgxcE51NXZfOGdndkFNdjgySkV2dVFKM2JfcTJKSE45X1VadVpuQ2NxNFc2cHkwMFY0M1c5N2lUVFlKRzM0ZjhSblAwZFQ0Y25JbXlrZTM5a1VHR1Viekd0VGhsT242MzB5N0ZMVlZSWk02UlRZWGVSSzFkaUhJWG5DMFE?oc=5,2026-01-28 03:32:49,Daily Nation,Why we relocated to Kenya after decades in the US Daily Nation,2025-01-03
Businessman’s daughter accused of forging father’s Will to seize billions - Daily Nation,https://news.google.com/rss/articles/CBMitAFBVV95cUxNbVVUQ0NTS215VlA3bmlZZUxJcjc3YjlsNzRhc2pwRnBZODBPR1ZsN0VONXRaV2VCZmpXZ3BkVEhLQ2dnSkJQOHc5ZXdGSWh1ZU9MWVBxcEw3NU5RN0ZWcjhhSmZ1c0pIQmZOekVKMXViQlRlekNoN201aUZ4bFE0Tk0wNVlNcG5xeVh2Q3MxSW4tSjZwYWVnb0FmdE1YbzNEU1ZYSUJnUTlJU0xhNzVXcU5qYjc?oc=5,2026-01-27 07:25:08,Daily Nation,Businessman’s daughter accused of forging father’s Will to seize billions Daily Nation,2025-01-03
Lantana camara craze: Why Kenyans are eating it despite being toxic - Daily Nation,https://news.google.com/rss/articles/CBMiugFBVV95cUxNLTZObVdYQWxXdXBJUHpXNzBqb1dqd1lfSnFxYVNxczk5bU9RZ2c5cHI5ZzVwYzBFb2hVX0pUZ2dFMTVMenduNVJxa09VNVdRdFYwdFBHWUR0RmhqSWl4VWpoZzNUTWRubmpObkJYcFJVM2VPS0hmdXlEcXM0X1NLVUFGOGZTeWhnRkFpQnBzZTRCdW1WanNMcE9vQ25DV21ZdEZVZDRmTk05ZE5qYWV3OEN3VXhSRkE3T0E?oc=5,2026-01-27 08:00:00,Daily Nation,Lantana camara craze: Why Kenyans are eating it despite being toxic Daily Nation,2025-01-03
"Jeremiah Kioni: Close to power, yet 'always just out of reach - Daily Nation",https://news.google.com/rss/articles/CBMirAFBVV95cUxOTzI2aVNCaVhCZ1pXZU82NmEwblNhX0FJT05JazdYTkJfWXQtdVpZRWZ6M0IzQXJiYS0tSVk1d1EtQkstOGVxSVF0d3NzS0I0S0NpMXA2b0ZGT0R3YVlTeVhzTU9Mc2R1MXg2bGhGVkU4dkVZakdVMDlJSnlNRFlJbGpuSzFpeE1MZ25Dd3ZJXzF0OXBHekk4bmprTU50UE0tOHJfR0N6WG93aVgz?oc=5,2026-01-28 03:27:18,Daily Nation,"Jeremiah Kioni: Close to power, yet 'always just out of reach Daily Nation",2025-01-03
How Gachagua church attack reveals high-stake power struggles - Daily Nation,https://news.google.com/rss/articles/CBMisAFBVV95cUxNSmFvWnRvV0lSc0xLZk9NWmVnemVOZ2RibnZsTHBtWEp2YjRfa2JvaDJjN2FoZFhNbUc5cGdxcjFvUG9KRXdqM2F1TnhlOGhXZTNWU0NUdi1mdmxENkN4U1BzSF9mUGNFR2gyd1Zjek9KTXpINXZHdk5OY25teVFwSnRiSU5sSUpwOHBlNjU2b0xLQkZKRDRIMk9kay0yQzI2WjdyQkwzOWRWYUFDa0Z3Tg?oc=5,2026-01-28 03:00:00,Daily Nation,How Gachagua church attack reveals high-stake power struggles Daily Nation,2025-01-03
Businesswoman Mary Wambui fights city luxury hotel auction over Sh8bn debt - Daily Nation,https://news.google.com/rss/articles/CBMitgFBVV95cUxNeXY0NEFZdjFjM3lEZEVzLXk5d2p4Ul95RGQ2clN6MVA0RGJxYXFENklXYzZZc3dVR29UZUQ0V295cjRVWks3M1UyaVA2UkpOc2t5S1dlYXhvMmFacmNzbDVpQldCUUNYQnBDRmtBb2ZVVHozaXlBemQzRm5XbUFVdGR0R3J6MGV5QXhia0o3Mm5NdjRybkZZbi1IeVljNklPcjBtTlBHWGM4S2lnc0lZd0g4Yzktdw?oc=5,2026-01-26 11:45:00,Daily Nation,Businesswoman Mary Wambui fights city luxury hotel auction over Sh8bn debt Daily Nation,2025-01-03
What Ida Odinga is going to do at UNEP - Daily Nation,https://news.google.com/rss/articles/CBMihgFBVV95cUxQOHNPd0loNVZ6Y2NYNFVPZzdJYk1ySVp0Rl9wUi1UV0Q0R1ZWWkE5c3lQcHNEaURFT3BHVkpiSWRPNWhzMEE0ajJmVUtqSldyUlZELUN1SkdSSU93cjFGbnc5Z29PNE0wbDNRc3hORHFmQWdLV0hheFhyeDJoRUZhNFZYeTYwQQ?oc=5,2026-01-28 02:00:00,Daily Nation,What Ida Odinga is going to do at UNEP Daily Nation,2025-01-03
Report: More than half of MPs will not make it back to Parliament - Daily Nation,https://news.google.com/rss/articles/CBMitAFBVV95cUxOY1g2SEZLR01SV3AtSXh1N28zbVkxeFFvMVpIb2pCMzBUU3RzT2hZM2o3RmM0d09ud0REZGlJelJpQ1N2X1dOTlFGaDhJaVpKWnl4cy1BdDcxalpFYTg1Qk45TXVJSm9IbFE1WXRmdlQ0Q3pJT1ZtR2phSUI0NERGcmctcXYwX2FMWTRONFZuOFlhR25MSTNndXZMeTNuZThWT0tmSnJuYmdONG8wdnoybE5mblc?oc=5,2026-01-28 03:00:00,Daily Nation,Report: More than half of MPs will not make it back to Parliament Daily Nation,2025-01-03
Two Ruto advisers face legal action over alleged contempt of court - Daily Nation,https://news.google.com/rss/articles/CBMiqwFBVV95cUxNd2psWG9ENXE3ck9EdEstU0FmRWdGVm1TQ1N3ak9jOWZReUprYlFkbl9jbTljZFlhbXhYOGNLSGVqWE9lNHZQUzBWTXhOZ3VIMXFpYmwyUUtPbFY0a2F4Wm1UUkcyam1vSl90OUl5Y05nU2I5ckk2THBLYlpad1BDdVRlbklIMlFZMmt5TmJtSmlFelRPcEtCcV80clJaSjVqSFJMVVZaTDlGX0E?oc=5,2026-01-28 02:00:00,Daily Nation,Two Ruto advisers face legal action over alleged contempt of court Daily Nation,2025-01-03
20 athletes found guilty of age cheating after probe - Daily Nation,https://news.google.com/rss/articles/CBMiqAFBVV95cUxNc1F1bFNJQ0dPUWVWc1RLcEh1MUUzOVQ5am1kV2hnbXBoX05pVFZWZ2Y3MjJfQkRFRDU5ZHRqd3VVM3o0OG05R09FNXI3cGxsZTdtRzN0Snl4U0tXWnV1YXNqLTJYQ0plaUZJaXM2NU53cE5qcGQwSXJsOEFOd3RxbUVaenhES1pCSlNSTEJvNzVrUk4zNHFzUzBycHJSRHBBam9vSGJPcy0?oc=5,2026-01-28 05:22:53,Daily Nation,20 athletes found guilty of age cheating after probe Daily Nation,2025-01-03
I earn twice my boyfriend’s salary. Should I still marry him? - Daily Nation,https://news.google.com/rss/articles/CBMisAFBVV95cUxNWngzcWhhejFDb2NlMmxYb1QzNUxQNGRUMXBEQTVVLWxvVjVTd2VtOFlNNmhFZUJZU3lKazhiRkxRbjRsSkQtemFhN3JobHZlRGVUamc2cUY2a0lrTGJHZTY3VEJiRmNCU2NnOHRfWlRXVkRYVE92bWtMdzF2WFcxdFlCN0RfZ3BBS2lpcHVkY3ZlMmlGWlZ0UjdrS25mOTdfUkRsX3ZuWEZNMjIzbnU4aA?oc=5,2026-01-27 13:33:43,Daily Nation,I earn twice my boyfriend’s salary. Should I still marry him? Daily Nation,2025-01-03
Court limits employer liability for funeral costs in workplace deaths - Daily Nation,https://news.google.com/rss/articles/CBMivwFBVV95cUxQUVFUUWV6ZlNnWFpuay13RU9TMm0yMHBIczZnMk5uWXczeHNJOXZPU3NsTWxsUHQxOFhCQ0RoczNkUUIxVjJ1bEtDdkpFR0NRTUo1MTFNV3VtSHBKQzBTRTJtWkUybm93M1JlNy1qdWpIT1pUMVBrOEFvZDQzTzU0V1I2cjNUaW1PQzhCVHhHYm85OUNsVGw4aWpzM1VPS05rdU5ycWM4RFR6R1RpaXVXZDh1cnk3TUVYaWp5Yno2OA?oc=5,2026-01-26 13:42:05,Daily Nation,Court limits employer liability for funeral costs in workplace deaths Daily Nation,2025-01-03
Kilifi man who killed wife for joining Instagram seeks court leniency - Daily Nation,https://news.google.com/rss/articles/CBMivgFBVV95cUxQY3lOV044OURibnBkX1ZETzZTclFnY2FJRmlpdDdCRWJhQ2d6YW9WbUV5YW5rd1U4Slk1c1NGVnNrMjBOSlcxTGRsWmp6RGU5Wndkd3hJMExBVXFSSExPLVFBNW44ZGR5RUZmZ0dRY29lb0luZmZYS2l3SkE4TkR6bGthRmlPbDVQcHhDNnZSRXFybVZ1aExHR2swLTRIdmgzWHFnSWRWdmFCRkhUTTFKWHRYQXV5Mjd0Tk53SHZ3?oc=5,2026-01-27 11:00:00,Daily Nation,Kilifi man who killed wife for joining Instagram seeks court leniency Daily Nation,2025-01-03
PSC requests Sh3bn boost to tackle ageing workforce crisis - Daily Nation,https://news.google.com/rss/articles/CBMioAFBVV95cUxNVFZkZkdoWEJQV0FBdC1sOTRVckJvcHM0TWFoUFVBZzFZVzE1QzUtN2tmVFFZSmdVVHBFWUZXazliN21jMXFvSE0wTmlPekFnMGktdFZNZ05hX1NiOGpIbXFxa05JaGhGZV9sYjRmMzJSVGVNM2RyQXlnSE9qczVGNmxKNUpuQ21zZ0pieHFlZGVoSFpJZy1LT1dpQ1o5V1Zt?oc=5,2026-01-26 03:00:00,Daily Nation,PSC requests Sh3bn boost to tackle ageing workforce crisis Daily Nation,2025-01-03
Court upholds revocation of 306 unqualified nursing interns - Daily Nation,https://news.google.com/rss/articles/CBMiogFBVV95cUxNZm5TeFVaMTAyZ1ZVTEd0V0czSWtjbjVZSWxqU19NcXVPdlhpVXI2VWZ1RFhVZ1NJRGt3TDU5bzhtWjRXRTVjVTVJdHk5MFFHMFFQRk1xTF9MZzV0RHU5bFp6YWVONFRBSURJOHNUbHQ1bXY2d0ZfRHllM2V1djBtUW1ycmtEeE5hRHRjNkVRbmxqVWNjejhuSE9Yc0NHb1Y5Z0E?oc=5,2026-01-26 13:48:46,Daily Nation,Court upholds revocation of 306 unqualified nursing interns Daily Nation,2025-01-03
UDA jitters: members push back amid coalition talk - Daily Nation,https://news.google.com/rss/articles/CBMioAFBVV95cUxNQ0lzU09aendpUWVhSk5zR0dQek5KUEZxWF92ZW5ZVzhNTXlCRkFxa0IyZGNxWTczTWhVR2JpRk5FSFVteGRYeWE3UmtrRVlOWGZLeHJhcTZvWThjR004NUtFMkpPRU1DNkxqeFhXNWphSUNid05SZXlOUlBNZjZ3dEstV0NZWVkzNTV1Wl91enJDRkt2WEs0YzEta09SaE9l?oc=5,2026-01-27 16:07:14,Daily Nation,UDA jitters: members push back amid coalition talk Daily Nation,2025-01-03
Bribes in TSC recruitment scam rise to Sh133.8 million - Daily Nation,https://news.google.com/rss/articles/CBMiqAFBVV95cUxNSy1YclhVdnJqT3h5TDhnZlBBYVNOZm1BdjJuRVJGUzRVeVotTmFVLVhvajI0Y2pvSFlhbXJDMzVIZlA2eUczY0RjTm1yLWpkWGVSQVNpa2E5THBrcF9fT3BpWFJ6UENxbTNDc3cyaUlvNWtSbUhzOUNkYktvWmNCSEJiUS13VU1Yel9Ha3VCSklEb1dBUGt3azYtSzJqTGJpbTZqUFREeUc?oc=5,2026-01-26 10:10:48,Daily Nation,Bribes in TSC recruitment scam rise to Sh133.8 million Daily Nation,2025-01-03
Will forgery claim sparks family feud in ex-AG Karugu’s multibillion estate battle - Daily Nation,https://news.google.com/rss/articles/CBMiwAFBVV95cUxQT0dvdnBKbHlFMXVUakZ2NjdkbTlvOTd2SGxPbGc4Qy1WNzRSeGJiRnljQk1iWHRpX1AyTTh3ZTFMX1NSVUpvazlVSVVSZVdzOW5ONVNveFphclNXaVprN1Ezd3l4ZmFsa3J1TVF0UFU5UFcxZzdvZ0NTZGhZcmZpRGxiMm1YYVZlRE10M25oemU2Wlc0dHAtMWJpb3IzaWdXNlNoblhic3kzOWUyVEY3WjYxeWctenZzMmxLeGlQdzk?oc=5,2026-01-27 08:54:47,Daily Nation,Will forgery claim sparks family feud in ex-AG Karugu’s multibillion estate battle Daily Nation,2025-01-03
"Ruto appoints Issack Hassan, Katwa Kigen among 15 new Court of Appeal judges - Daily Nation",https://news.google.com/rss/articles/CBMitwFBVV95cUxPX3BBRkYzOUtqeFFCN3Y4eTVwby1iSWFxTTNibXpXNHNuYy14eW5GbjRab3lrT2ltazdLUi1lenF1SW5ueFJyQmpfRUlxb2tFR0RtNzNjdWVVQXYzWXpxaU9ITERucWZTUzFiWl94LXhwMXNlLVRkeGNMVXp5NExDLWNqTUpRQnZEcWtJbUpUV0Ixb04yV09Ba2pnVVY5czJEcC1Gcm95aHFoXzB1UFNXa0RTYXRZVHc?oc=5,2026-01-27 13:00:00,Daily Nation,"Ruto appoints Issack Hassan, Katwa Kigen among 15 new Court of Appeal judges Daily Nation",2025-01-03
Ida Odinga: Why I have accepted Ruto's job - Daily Nation,https://news.google.com/rss/articles/CBMijwFBVV95cUxPdlByd21ENk1wTTBrdnJjSGpBNmRFVFl0WXdGZDM0V2duZ2l6Z3k4Z1FpT0hFdnVvN1lWSGNYRU55aEFVR2I1YXE3UHgxRkpETlVIVE0zWTBHZ2pmTGl2Skh1b1Jwc2FSbVZLejRmUlZaOHc1X042LTZITmVTaHo4d1VRQTM4OFdTdHlXOXZLQQ?oc=5,2026-01-25 22:11:36,Daily Nation,Ida Odinga: Why I have accepted Ruto's job Daily Nation,2025-01-03
How IEBC decision to defer boundaries review will affect 2027 polls - Daily Nation,https://news.google.com/rss/articles/CBMirAFBVV95cUxPdi1mUGxzd0dfOVRWelN6TTBzenlhbEItTi1FSWcxSWw0aG1pUnpMUDdWcDY1MGt6RWpLUlN5RDRzNlhwUjdSdkRCX2hvTWZxZk5zZzVDam9BeGp2bTZfVE9sZDgtYnJGV0FpMVpDRFBMT0hFenRMblphSFVDQjFveXBjRTh2RzlFQmQ4QmktTjlQSkcyUlRzUjlRR1lpMXhPamtyTjVMOGpud3hw?oc=5,2026-01-27 17:13:01,Daily Nation,How IEBC decision to defer boundaries review will affect 2027 polls Daily Nation,2025-01-03
Newest billionaire in town? KCB gets nod to acquire Nick Mwendwa firm - Daily Nation,https://news.google.com/rss/articles/CBMiwAFBVV95cUxPWi1YTURidkpHR1Z6dHJ4ekZuMWFXR2tWNHR0YUhpNFdFZ09tcDRTR1dQRGF2ZFRwcEJNZWpIMllRd2NBWnZlY2lzVnlXYVlIdE9rUnZsTzBPMnMxN241RXBmQndyd2cxc2U4amc3bVZoS3ZObjFxY25PR0lZdTZOYjVpNmpMVHh1ME85Y04td1NZZnpGQWgzbFp5MnVjcGJXSzlLcGZvSFBQNTBsZHd3R3g5RU4tVjkxbXRWMEp0LWE?oc=5,2026-01-26 12:33:45,Daily Nation,Newest billionaire in town? KCB gets nod to acquire Nick Mwendwa firm Daily Nation,2025-01-03
Political storm over Rigathi Gachagua attack - Daily Nation,https://news.google.com/rss/articles/CBMimwFBVV95cUxQOGUyRXZjcmdOc3hTWjJBbW9hWmdYVC1ma1RMdUNaY2pKc2dtOVNnZ1l5ZFcxQS1rc0hOWHBDNUlRbGpJOXBRSi1zbXFnSEtzYmFhOXVIVkMwN1dZREVWNjFBcGlGcFI1ZGZzdFpveXN3YlRBaDE0Rk03MFp1cHd6VnctY0RzbnZUVzBTRUM2cHZBT2hRZ2t1Z3N5Yw?oc=5,2026-01-27 03:00:00,Daily Nation,Political storm over Rigathi Gachagua attack Daily Nation,2025-01-03
Russia-Ukraine war: Families of kin killed or injured plead for State help - Daily Nation,https://news.google.com/rss/articles/CBMitAFBVV95cUxPRURRamZ6Mk9RNC1hRHJNcHhUWENfSFNTYmVLMHRhaHI4QVBENWVxcFNSSVo1YW1qNDViV3kwejFTUVd2dHRVLVpkUkFOdjZ6d3I5V0lVVTlYZnpDZGNXY0E1Z1RhaHpPOFJxRnlERURNUndVbVY3Y0ltbUl4SjAzNEl4eENPbFYwdUNhMzh6WmxYOTktUnBLaU9zUXNqTV81LUEySHJVOXMxM3JYbDVZbHRPdEU?oc=5,2026-01-27 18:14:03,Daily Nation,Russia-Ukraine war: Families of kin killed or injured plead for State help Daily Nation,2025-01-03
‘Upcountry matters’: Sharon Oyoko’s bid to reshape LSK representation - Daily Nation,https://news.google.com/rss/articles/CBMitgFBVV95cUxNUVljVmNwTzNMOWxuZExyN2ZQblp2bHM4U2FvcHlVOTZ5OUdGclF1ekRsVmtPWFczOWdHRWp5SW9TRTRObnc5Z0VfREJvUnR0QXlPV2RVQm5sWkMtandQek4wWk8tY2xndU5sX0pMbGtmLW9JczdaNHdicG42c1NIRDNmRmJaZ0hzNDR1MmRKT3VXSENrTFZJazhUT2tmaHpzTnFkWkFCb3d5R1Q0VzhaV2F5blJtdw?oc=5,2026-01-27 10:00:00,Daily Nation,‘Upcountry matters’: Sharon Oyoko’s bid to reshape LSK representation Daily Nation,2025-01-03
Profiles of Court of Appeal judge nominees and tough JSC questions they faced - Daily Nation,https://news.google.com/rss/articles/CBMiugFBVV95cUxQeWNBTmVrQ1NlXzdsX0ZqUnBPbVZSaFF1S21lZkdIZ2RTZnpnU1ptb1R6OE42bWJicjNzT3RLQjZDQTdCRW5DVXVRUV9OY2pyTkpCZU5pa09uaEZQTWVVWU1JZy1STUFTYlJHUkwxMlRBZEZSRFZzVEJjTU83MTR4QTFjclUzN3RhMmxKTU8yNXBSYWJQNUlGcVliRkZZMmJBT1lGRVhsZldBQTdfbEJKQ3NzeElMTC1Ob0E?oc=5,2026-01-25 03:00:00,Daily Nation,Profiles of Court of Appeal judge nominees and tough JSC questions they faced Daily Nation,2025-01-03
"Elite capture, underdevelopment of Kenya - Daily Nation",https://news.google.com/rss/articles/CBMingFBVV95cUxNRm1FcEVGM2Z3cjNvWERVc0tER1k2WDJJYlphQ0NGWExCeDJLN3gweGsyVFA2bjVNeDRnUkdxTlVIRzBzMmViMzJYOXVKOExlczNUZndwX2N2WmZWb3o0YnVSZ1dlVldmeklMNTVuX1hwWmlGVmFDaTl6ZUxnRmxTUGFCNjlIMmtoUHUzbFhMLWhjZmYwZXcyVFctRWhoQQ?oc=5,2026-01-24 21:00:00,Daily Nation,"Elite capture, underdevelopment of Kenya Daily Nation",2025-01-03
Decoding Ruto's chess game: What Ida Odinga pick as envoy means - Daily Nation,https://news.google.com/rss/articles/CBMirgFBVV95cUxNWVl6TVIxWmVISE9Vb2doQXI5bVFnREdzS3NrenVSTkxMdER0TEZtZlhKdzNzd1hHTlFXUVpIZG5EdzllUFJyNHhCd1BjaDEzT1B4aUxSUndwbldaVzNTYWRWSm5OMkxCdGM3MjhSTUhLUFlUWXJlWlJWV3BZSXg1MWlNQXJBczNrcGZVb2JvU2ZpLWVKT3VYTDhLOEZ6bUJ5cnpLcHpiZXBNaVdzSWc?oc=5,2026-01-24 03:00:00,Daily Nation,Decoding Ruto's chess game: What Ida Odinga pick as envoy means Daily Nation,2025-01-03
"Attorney-General, PSC race to save Ruto advisers - Daily Nation",https://news.google.com/rss/articles/CBMikgFBVV95cUxORk1GOWYySUFhLWk3R0Ffd3dyUmJFTU11dVcxOGJXdENsU28tOHJPRmQ5RTJsMmRGTmNsbkhHYktaa0doUzI0RERiTnBzTnFQOUYzZktJTU9kdWxQbk5mYklyb2FwdkxaaUlsVkRIdkJaQWlmTG45SUhRcnBTMDF6RFhMcFdiUHVPVm5qa1JfeFR0QQ?oc=5,2026-01-23 18:23:23,Daily Nation,"Attorney-General, PSC race to save Ruto advisers Daily Nation",2025-01-03
Prof Okumu named Kenyatta University Acting VC as Prof Wainaina exits - Daily Nation,https://news.google.com/rss/articles/CBMivAFBVV95cUxPYTNGQTIxU2ZaYktjS204R3Z3VWE0Nmd1MG8wcWZqal9hb2stVzhEVkE3U3B1Q3NLVmdhQ25EQVMxaHlwNmRxMGxUdldRTFYxdmpHaWd3aFVOMVZNWUVtU3RhTjhBTEpCYWxDLU5STndqVjFuOV9ValNqZ3ZPWVBqTTlPLXQ1emw2enZuUVBLSTRoWmJsSjVtWDctYWxwT2hudlhzTnVzLXZLaDhCYWJJZUdJa20yWkVXaGNZaA?oc=5,2026-01-23 17:06:49,Daily Nation,Prof Okumu named Kenyatta University Acting VC as Prof Wainaina exits Daily Nation,2025-01-03
"Mamdani’s bombshell book explodes Yoweri Museveni, Idi Amin myths - Daily Nation",https://news.google.com/rss/articles/CBMitgFBVV95cUxPVzZBM1F5NDdMdHhVOExCNkdaTmptdk9COEk5M3U3VldKdTU5cjVQUmVvM3N6ODgtQUpMN2wtR2ktNktFbGkyNlZxVWlMNGM0bXFIdGp4WTViNWdlZ0dDeUJ4NjFWU2ZJV054cWljMnZKU2xOUWtIc2VhQjF0TEtObzRkY0VaMXVIdklhaUFhOHNXanktVVhDMVptZVRVbVBYUjJtbHE3YmVESTNjcVhrakFNd0hyZw?oc=5,2026-01-25 10:56:39,Daily Nation,"Mamdani’s bombshell book explodes Yoweri Museveni, Idi Amin myths Daily Nation",2025-01-03
"Gathoni Wamuchomba, the erratic trumpeter - Daily Nation",https://news.google.com/rss/articles/CBMilgFBVV95cUxNSEYxWnhRbmtCek91RWw2TFYwVzhCaUNaM2EzSjdlMnhRR0hGeU0za21ISGdJMDBRck9xTGw4b0ZKaVZURjJIUHBoVWZSNlBsbWFNTUZyWDVpcnF2OHNIQ0FaamJUdUE3bTIzQ3lrakZYVkZseS1aeElMLXB5LVlxUG1WOXJGdzhmd0JralFKUDdQMEVPNGc?oc=5,2026-01-25 03:00:00,Daily Nation,"Gathoni Wamuchomba, the erratic trumpeter Daily Nation",2025-01-03
"I’ll win 3 million votes in ODM pact, says President Ruto - Daily Nation",https://news.google.com/rss/articles/CBMiqgFBVV95cUxPT2J2Mlp5MlZSWnpVallFV0Zhbi1sUDJ5OWJqbTdyc1h1dTl3N2M3NFE1VHBpTlE1U0xTLTRMWGdJdlg1WklpcnlUeUtQSm9vSVI4bnBfOUNJUHJPYVlfU0k1d2tXYUtUdm40ZEJBRU80WThBeDlKbFlUalVvYUM0NTRVS3BWMkdoM3NmUVdyN0d4dTBlUjBicURrVkZKM2JQcTZicUtCOUJvdw?oc=5,2026-01-27 03:00:00,Daily Nation,"I’ll win 3 million votes in ODM pact, says President Ruto Daily Nation",2025-01-03
"Senators question new county accounting system, warn of fraud loopholes - Daily Nation",https://news.google.com/rss/articles/CBMitgFBVV95cUxPMVY1ODIwNjA3VjJMU216RzhlcDZnd1l5SzJqWmJYeVdRTkh1UGxCcUp4S00yT0hkNFh2dHc1ckhmZHdqZ2dvbG8weENEMjh0Uk1WaDdkMElYTzNzOEpQbFRvaTFKR3ktMGFEcmV4cVRwOFpXUTFPY1hUbkkxek5wRmJUUjhXTnlVY0RSQ2s2bXJoZklINmxZUnBoQ2FPbmp3X0E4bUF5SjhPTnBPUjdCU09FdFB6UQ?oc=5,2026-01-27 11:10:49,Daily Nation,"Senators question new county accounting system, warn of fraud loopholes Daily Nation",2025-01-03
"Faith Kipyegon, Nike partner to build Sh30m maternity wing at her Kuresoi birthplace - Daily Nation",https://news.google.com/rss/articles/CBMi0gFBVV95cUxOTmZzRDhkSk9HUWd4a0dkY2xSM0ExUFpIdWktRVBJLVBrb1NDMXgtM2VqU2ZPTjBpbERMUm5TaXFidFctdnhwR0EyWHVJNTNPbEx3SFZjU0RWT3RpZE00elhRa1hLZ0VDWlRXQnYyTF9ncmp1aUQ4bmw2VWtGeGJZNDVpWkw5eEpwVENWUEZJR3E2QWJ5X3JYSWJlQ2E4bXNkQVNsUWE0ZEYwcFVjT1JoY2h4RXYyOW5GNlpNSlNDWjRod0QtRzZTaWl4eGVNaXpkMHc?oc=5,2026-01-27 13:33:14,Daily Nation,"Faith Kipyegon, Nike partner to build Sh30m maternity wing at her Kuresoi birthplace Daily Nation",2025-01-03
"Court allows police to detain Turkish nationals Elsek Osman, Gokmen Sandikci in terrorism financing probe - Daily Nation",https://news.google.com/rss/articles/CBMi7wFBVV95cUxPY2JWUHplejBVZ243ajJwWTVJNnVKNFIteWJvU090anVFZGVwdWRPS0pYTktWUi1CSEI2LVc1UjF2c3dCREVNRmF3OENTV0VzallvRXBINFMxWWR0bUtONmRoeGNjeDBybjBLOC1saUZGWS0zZ2lGVzhsbEl4YkZta21wZGJtQ1F2OFdlVzR3M2VFMVRhNDVYN3dsbWVKZ0tDSVctR09IWk1MQjBMM2V0SllGelZRSFlIUG1sUE94UWlUUUF6TWlwbTE2OTU1T3FmSWRjME14bnhJYTFtT3B3WWlnckpLaXJkT3hLMlNiaw?oc=5,2026-01-27 14:18:03,Daily Nation,"Court allows police to detain Turkish nationals Elsek Osman, Gokmen Sandikci in terrorism financing probe Daily Nation",2025-01-03
"Premarital counselling favours men, critics say - Daily Nation",https://news.google.com/rss/articles/CBMiwgFBVV95cUxQUnh5NWt1a1QxVS1uWmctTl9ienBkM05kYUVreko3MEM5RzNNc0o2YkVuN3JYQzNXOFFGQUxYOTJpNklmWlFBeTdKNDAySzBIOEdnelNYYm5GY0tqRExUbUg5Um9uMzVTanFHLW1fSE1WN0c0Vzk5OE5QTFZzc3B6RERsaFJTdU01bUNIMlQ0NUNQNDd3LTB2UTBlVUd6NVNTMmFKQUx1Wk96UjhpeGFfcFZLS3lCSzhTSDlSTEVvMUpTUQ?oc=5,2026-01-24 03:00:00,Daily Nation,"Premarital counselling favours men, critics say Daily Nation",2025-01-03
"Uproar over Machakos County’s bid to drain Tala Dam, convert it to bus terminus - Daily Nation",https://news.google.com/rss/articles/CBMizAFBVV95cUxOY1BsUEVhc0dzSjFySWpZQWlvanBncUw5VHprZFdsY1BERl9taHVSaWltUjJpWlUtS2ZtcnJuTFZmQ0hfdFNZalJvRTVCUHhCRzc4dFh2bUY0WGdQaEo2T1BSNGdRZUZESElXd0tOdnFwNFE4aDVqRXgzc2YzeGlfVGl3d2ZkSWUyQjR2X3FkbzR0VTVYYnUtRnM5cHRQWk5lbno3cUxLaGx5RF96c0l5LU1KRVZEbFBJVWdOZVUwLU9aaTVrOVRCSmxPSVA?oc=5,2026-01-22 03:00:00,Daily Nation,"Uproar over Machakos County’s bid to drain Tala Dam, convert it to bus terminus Daily Nation",2025-01-03
State to increase funding for primary school education - Daily Nation,https://news.google.com/rss/articles/CBMiqAFBVV95cUxQQkNTMGp3M2NpbmxIUDJQZXJpVjFWV0JobmZ3UnBIWndDMUJId0pKRXBYSmZxTFJQSHB0U3c1aHdEV202X2FxX3gwRFZZeHdxOEJSTWVqWmxfVWdKQjhOZDlMWmczZWJqODNETXMyeTk3blhZLVAtdkxHUUppbTJLTnlRZjhkUW00eFpPOHZoVXZMYTJQUlhiUUVIakZUTXcyMVAzR3pHOWQ?oc=5,2026-01-27 03:00:00,Daily Nation,State to increase funding for primary school education Daily Nation,2025-01-03
Death days before US return: 10 things we know about siblings who died in Gilgil crash - Daily Nation,https://news.google.com/rss/articles/CBMixAFBVV95cUxNLTRZNUhiaVZBN3puX0VJOXFwSGdhZG9oV2ZFTERDQ2lvYnpBY21iM056T25IUV9yY0VBZ0hBcVh1OGxqUXBTU3JsLXB2YUpsWE45dUp3ZVpSb25pOTdzY0ZMM0hEdGt6VnBhaUpmTVBfVGxZSmllR3RlTkd4blBQVUV3S0lHZnBqYWFEZnR3Z21CZXEyN2FUVXVNWUloYnBBLWhZSXI4RkxsUmRfUGVVV3VxamdmNHB4eWpRaUNIVHdWSU9a?oc=5,2026-01-23 03:00:00,Daily Nation,Death days before US return: 10 things we know about siblings who died in Gilgil crash Daily Nation,2025-01-03
From D+ to B-: Mother of 2 revives nursing dream after 15-year pause - Daily Nation,https://news.google.com/rss/articles/CBMiqgFBVV95cUxPTTlYTl82RjlqVlkzQkNOeXVpNWtZYWgtVVhra2JTUWNGSlZpYkZ3NkVMZGgzMjNPU054alE4ZWhmbEVaLUVONFVLb01HLVA4NmtYNlI3clhISGpCVGlzb29FMUdEekFWTld0TnZxY2gwRVczT1c3OUhMZVk1NkswV05UZXhHY0dfRFgxXzF1VUdDdjBFemVhc3hFSXZDN29RLUVzdXRLSWx5dw?oc=5,2026-01-27 03:00:00,Daily Nation,From D+ to B-: Mother of 2 revives nursing dream after 15-year pause Daily Nation,2025-01-03
Start-up trying to make a mark through crafting healthy foods - Daily Nation,https://news.google.com/rss/articles/CBMiugFBVV95cUxQeWUtT0lpY1VUMVhrdmJXVXZVU1JlS1A2bnNLa0pUa1psM3dqc1FDbUNZUmNLdU91d1ZsUzVtQUNqNURiYk9RTldnZTd1ejZQeUFlb2Uyalp1Z0dsVnBFaGJ1b2JKWXZoT1M2Q0lxTUNOYm5HZmgwR2psLWJ4dUxNeThub3Zhc29SQ1V4c29fN2tNdHd2d0RnVzA3NDM2VWZxRThOQ2FMNlRZTjYySzRNUnBPMFdNZ24xU0E?oc=5,2026-01-27 10:00:00,Daily Nation,Start-up trying to make a mark through crafting healthy foods Daily Nation,2025-01-03
11 men and women who could influence Ruto’s 2027 Mt Kenya plan - Daily Nation,https://news.google.com/rss/articles/CBMisgFBVV95cUxNZ2luclpPQWM4dTB4VHhLZEZ4UkxNREZVaDVOUnVnejR5dGZaaFhRTkJmLW9sbTFxMkVxTHdycTUwMHNkSHo4NWNVTXdfc3JfSTRmenFjamJLdGhnWU55azNNS05mTlNxOUpzNk9laFYyN0I2NjhxRHBtVW8xaWVaelhYVVBjZ1FqVE83TUprcHBGS2pzVVlydU5JaG5sREkxWkwwQUJyU251em5Uek5XNjN3?oc=5,2026-01-25 03:00:00,Daily Nation,11 men and women who could influence Ruto’s 2027 Mt Kenya plan Daily Nation,2025-01-03
Health CS Aden Duale: UHC workers to get permanent jobs from July - Daily Nation,https://news.google.com/rss/articles/CBMiqwFBVV95cUxNUExsbTNCVzI0cnFhZi1JWVlsNlNiQUxIeHBZTERUN1kxczIxM2VFRG8wSFg2azhrWDdCRERhMHZpSHU2OXd3aG95WlZFTk1FZGgwMzRCWW93N3czTDIzNXR3cXFxTE54TXNlNEM3eVpJUkloZzlqZ1ZGRmtSaWxGeElRTDdwSW4zZk95Y21QTDhmdGpMZ3NQUTdoTGV3TlVDSDZwSWMyRVp3dm8?oc=5,2026-01-27 16:51:28,Daily Nation,Health CS Aden Duale: UHC workers to get permanent jobs from July Daily Nation,2025-01-03
'Mystery' sponsor leaves 16 needy Kisumu students stranded - Daily Nation,https://news.google.com/rss/articles/CBMirAFBVV95cUxQVUNOdHB3RTNzcmRMaDlBSV9LV1gwNUJxQWVqa1E3UV9zVUNXUXp3UmxEdzdFM3VQYWFMRWZEaVluYUZldk85Tl80Z3ZYTEFYUklKMlRpMEtsU1pZNGRlQ2xBNjJ1ZDRKbFVzcFZIRk9DcmpObVBra1dqZlpmNTFUS2dYT3NYS3BkbXpqbWZDWm9nNjhyZ2FpbENudi1FSGt4MW1xeURNWkJMb2c2?oc=5,2026-01-21 12:53:37,Daily Nation,'Mystery' sponsor leaves 16 needy Kisumu students stranded Daily Nation,2025-01-03
Karatina police shooting: Sleuths probe possible personal ties - Daily Nation,https://news.google.com/rss/articles/CBMisgFBVV95cUxPM191YWNDMk5BeHdoWFFYNTFXQ1N3QlQ1SXd3OUc0akhCcWVob20tVnJiYmlJY0tfZVBmaC0zc29yWjFuUEhSdnhaSkdRaG5DSXgzalZJU0xNb0w3RG5LeFByRHN3RTdKMXBjWkU0eDM3ejg4NktXNVhGbnJzSGRocUgwa1hmOFF6M243Njk0dElsa2RHcjBzSTJKUEJVd3BrZlk2Zm5RQXg4OFY4S2R1QnNB?oc=5,2026-01-22 07:00:00,Daily Nation,Karatina police shooting: Sleuths probe possible personal ties Daily Nation,2025-01-03
Sakaja risks six-month jail term over staff CBA - Daily Nation,https://news.google.com/rss/articles/CBMiogFBVV95cUxPRENVMzNIU1pWaDFVNnItRlRxNUNOaEMzc1VLVDd3eE91dVVvdDJHSVRqVWNIWW5VbWJXTHVNNEFMSERxcXlGRlpFenUzU3hPSzlHc1p1NUZ2eThKYTl5RlF2MlptaC01MFd2MkZKTHR4dzlHX2h3UjBGcnBRd0Y5dmRILXh0VTd5QnEzSmEtMDNELVFkQk5DYkZyd2VHeXhWcWc?oc=5,2026-01-26 12:55:47,Daily Nation,Sakaja risks six-month jail term over staff CBA Daily Nation,2025-01-03
"Mombasa port fully prepared for Turkana oil exports, KPA tells MPs - Daily Nation",https://news.google.com/rss/articles/CBMirwFBVV95cUxQVHY5NmZDN05RU0VoQmUtQ0N2dUdhRXBGVkZaY25mMzZMalBvc0wwb1Q5V1hoR1F5QkRiVEk4ZEFjTnJwZEJrMVl3TnBkS1IwZ2N3RXB3M1J5a2hRVzAwVzlscjhzS3RkVk1jdVhhVW8wLWRJSFpBZS00Nmx4OTFZTUxxWWVzYVdMNkoxaUZ1cEU3YzgxX1VHRHhwbzIzR2l0c1gwdXRnS3N6SlE5c3o0?oc=5,2026-01-26 10:06:08,Daily Nation,"Mombasa port fully prepared for Turkana oil exports, KPA tells MPs Daily Nation",2025-01-03
Matiang’i: Murkomen office break-in was an inside job - Daily Nation,https://news.google.com/rss/articles/CBMipAFBVV95cUxPTnpBRjd5dTB2WFlyMGRYRi1tZFZRaUZ5QkEybzFfQURjWGowWlpDNzh1QVVMMHR2RnJNU0FHdy04UmVKNUQ1WFJjQWktQlBIRUl4QWVVejM5TVp5b0lFSUs1X0ItZVdFZDBHamFESHFTc2Y2WG5oaWh4VklNa3o1SVN1R0tYRXN4bFlST3M0Y1NuM1FSOTlIUWFHVFpDeFNZQjBPQg?oc=5,2026-01-26 10:33:26,Daily Nation,Matiang’i: Murkomen office break-in was an inside job Daily Nation,2025-01-03
Guinness World Records confirms Truphena Muthoni's title - Daily Nation,https://news.google.com/rss/articles/CBMiqwFBVV95cUxOSERhNDQtWWtNZXliVllQdVotMm5qbE5NYjFxMDN2WUNEbk5ZQ2FLd2pKZlFnb1ZiNTJPY29BSDdkOGdBMkl4Yko1OURVNXZZejhpV3F6UU1RZTkwUHBHOUdSaFZGcDB3dU5ldjZpb1EwRjFVRGtJeUVjZjBpbTc2cVhmR1A4aDl1ZkRNaFMxczFYQlhTVEROUjh6MkhRb3ltZV92WTU0WDFxb2c?oc=5,2026-01-26 14:19:37,Daily Nation,Guinness World Records confirms Truphena Muthoni's title Daily Nation,2025-01-03
Oburu vs Winnie: Echoes of the past in the divided house of Jaramogi - Daily Nation,https://news.google.com/rss/articles/CBMiuAFBVV95cUxQeUU0MHZZMWFNQTRHQmE0NWR3YnVZUmJjNmx6bXRCSHBmaWh5QjQ1bG15LTZPMGxlcHVDSl9mS1p0UGtidW5BZFF0UHRQOTFKTVpVVHpOWG91ZTAydXhBdTk1Vm93MFZ1bGVKTjdZcjZ3RllWOGJldDB2UG5Fb3Bac2lPSzBLLVBrNm4zZzI0YzJ2eGdUTzJ5T1dZemZyUi1qTnJEZzFmUVdHZ2tSa2RwR1RxTlN1MEJ2?oc=5,2026-01-25 03:15:00,Daily Nation,Oburu vs Winnie: Echoes of the past in the divided house of Jaramogi Daily Nation,2025-01-03
"UDA proposes pension scheme for governors, MCAs - Daily Nation",https://news.google.com/rss/articles/CBMinAFBVV95cUxQR0VhZ2gycHE2MGVJV2d1T1NIcktLYURGSmZUaDAyalZNdmNoTmZUOVFLeURHWVJsazBkWnJ0bnJwZVhEOHZoUHQwSTMzSl8xeTFFOUxRdkdmVElFUV84WHlGLURlUExqUU04OGJvWXVfcUZIR09jRlFEQ1ZmRERXSUZhemRnQld0SGZYblFTaG9CcFVsRFlVMFJIb3M?oc=5,2026-01-26 16:55:08,Daily Nation,"UDA proposes pension scheme for governors, MCAs Daily Nation",2025-01-03
JSC unveils 15 to take up Court of Appeal judge slots - Daily Nation,https://news.google.com/rss/articles/CBMimgFBVV95cUxQSTJGbGtXMHFjN0g5ZENjcHRVOUpkM2haeV9MUGpTNE92MHhjRkc0OWV5bjE0SjhIVFpxTS1oSUJXdFZadUJXY1B0Q3NyRlhQZmRRSFgwT1czTDlzU0huNkt4TFJnYmxkODdkZXpDWlhFamxOZS1lamVoWnJYZXExUVJvV3JpMm10V05tZ3g3VWdzSHc1bG91VEZ3?oc=5,2026-01-22 17:08:38,Daily Nation,JSC unveils 15 to take up Court of Appeal judge slots Daily Nation,2025-01-03
"South Sudan orders UN personnel, civilians to leave parts of Jonglei State - Daily Nation",https://news.google.com/rss/articles/CBMivgFBVV95cUxPNmVuZURIM2RYRGdkY2x1azIzVlZvalNXdXhoT3Y1MENXX01laldJamNsQlh4alhxY2ZNekF5YXBBdTB4bFFNcEZEV3hPNVU2VXhvT1FjUHpiU3FTN3d1UmVTV2xKR0NpN3BrOWdQeFRiT0NVYno0X3UzZkV0SnNYRVhHaDNQcXo3RVRjVFY0S3lDVTNJQ05zUXpFY0JpY1VJSkpXZ2VCWDdpaDRJaWlIVURLdUszVFp2NUxGTkR3?oc=5,2026-01-26 09:15:20,Daily Nation,"South Sudan orders UN personnel, civilians to leave parts of Jonglei State Daily Nation",2025-01-03
Tear gas and bullets: Why violence is a hallmark of Kenyan policing - Daily Nation,https://news.google.com/rss/articles/CBMiugFBVV95cUxQLWk2UTh1SEIxTWxaOHE2WVUzb19jTWp2MmRmM2lMQi1DbDJNNWRUZnRGLUVpdGNNOXZZRXJyUWc4N3NvQ3diWVVwQlNQa0RlcGM1NHJHU29vOU5VcXh5X2JCQ09xY1VLaTZvSFgzUWJyY041ck94eDlwa0NaLVVyUExISHN1dzVjNVdGNFB5V2RIOElIRmFMakIwSWIxXzBWdFUyX2ZvTHBNMFJ1S01RTnQ3SmdfWU5waEE?oc=5,2026-01-26 08:25:38,Daily Nation,Tear gas and bullets: Why violence is a hallmark of Kenyan policing Daily Nation,2025-01-03
Police officers accused of killing man in Mukuru held for 3 more days - Daily Nation,https://news.google.com/rss/articles/CBMirwFBVV95cUxQU2lmMnV6VU5mc0hDd1J5QUFldFpjZmxmU0VXSDNUZDhmNjJnRHllakQ4SlZ1dTRvYVZlNzNkN1h3NnM5MHhWdEI1am5nYllPYUM1N2hTUnlGOG9rVXBXSHhjbDVHa3FWdG5CaTVZbXhldTBIOUZyVlFuaG5XdDAyRGctaEVUUm9abVNCcDhDMEpWNmVmeXZNbTBfaV9laUw2Y0wtRmV5WDBnQlNGakNj?oc=5,2026-01-26 18:21:17,Daily Nation,Police officers accused of killing man in Mukuru held for 3 more days Daily Nation,2025-01-03
3 warders jailed for aiding escape of terrorists from Kamiti Prison - Daily Nation,https://news.google.com/rss/articles/CBMirAFBVV95cUxPMTJiem9SQXVsRHZNZGhrTGRVRlQyOHRKM3B5bWtDTkJMOXMteG81X0VXU3dFTWU2MWxPdGRLcm92ZUNaT1NKdG9VX2hwYnNRNWtBVlNOQ2tnZkMzN3oxb1UzWTFEcHQ3YjlpYWlhTExqUklGTUNJN2pOa25Rd2pPRldORHBra0wwRkxfVHZQdjBuLUVfU3ZPc3VYQkExRUJPVG05Zy1fVkpDYmxD?oc=5,2026-01-26 17:12:18,Daily Nation,3 warders jailed for aiding escape of terrorists from Kamiti Prison Daily Nation,2025-01-03
National schools’ low intake of Grade 10 learners reveals gaps - Daily Nation,https://news.google.com/rss/articles/CBMisgFBVV95cUxQR1NBeDdEUXhKV2hNR0ZJc1lFTEdBa1NUOUlnMG15Zk5idEVKdXNrU1BpbEhyQmZYVUlMdG9GYXlJUjBxcEVxUDY2ZEN6ZERISDdsc1N4OHBHRWhWVEdRSGZDSU4wQXRsNE53bGpoQWp2V3RBLXVhRTNtaHpiX2czbkVWMGpPSUk0RHg4TXRmMERNMGd6ZjlVbDJWUnc1ZEd1eVhVc3RTblZkWFZoVi14Q2VB?oc=5,2026-01-26 05:31:17,Daily Nation,National schools’ low intake of Grade 10 learners reveals gaps Daily Nation,2025-01-03
Machakos County to merge six water companies amid losses - Daily Nation,https://news.google.com/rss/articles/CBMirwFBVV95cUxNOENSX0tMZ2tzdF82c0R3MEo5ZmI2TTI2Q0ttRnl6YzdxQm1fOU1HNk40QTAyQ3YwT0FlMnJna203SEhfN0dZWnRySGtqZXNvN3Z3TG82ZDhVckFqTWhDekU0UC1JcGVXSHdmR0dOMkVzSUlyMXBYdmpIVkNxR0psV2xMWVh4NEMyOExpVnFrdVIzTkhlMnMxYzNvQ2Z1UTFTLW94aXBSVXZFTUxuWFYw?oc=5,2026-01-26 13:02:45,Daily Nation,Machakos County to merge six water companies amid losses Daily Nation,2025-01-03
Act now to save this generation of learners - Daily Nation,https://news.google.com/rss/articles/CBMiogFBVV95cUxNSEtDWnpGbExoRmJEZzJTLWFkYjVGa21QYnV1cUJyYlhwNVB3Y0tzc2w1dXNEaGV4Zlp1bXpIOHhqWlNLS2U3c3pBalVqcGVVNkg5clU1Z0VhQ195bDFlWFBndFZTS3psRW8xVmFJMEtJdnZWVGtqQVJ1T2FIYU1lakI0b1R2ejBNbWQ3SW1FTGE0dzlHQ3UxWGRFUDEzem16aGc?oc=5,2026-01-20 21:00:00,Daily Nation,Act now to save this generation of learners Daily Nation,2025-01-03
High Court halts construction of Sh11bn Riruta-Lenana-Ngong rail - Daily Nation,https://news.google.com/rss/articles/CBMiqAFBVV95cUxPMzBhcERRZjRJVHFkMXhuWjBYX1I4M2FiX2xHOHhVWG1UT3phUzdHbEY3OG9nZ3d6MktJdXoyaTJUN29LVnlSS0E4ekV3T1hEUTBBR3hGTFZoU3FKeFhoOHozWXNXUHRMeVBlbXVHNVZueDA5Q3M0b1VYWUlWX0Ewdkg2SUZpQkJrV2pPOEI1aDI3SVJQUGNZZFFhMnI4UGhKMS1BYm9EcXU?oc=5,2026-01-20 11:32:45,Daily Nation,High Court halts construction of Sh11bn Riruta-Lenana-Ngong rail Daily Nation,2025-01-03
The path for women's groups to qualify for KPC shares - Daily Nation,https://news.google.com/rss/articles/CBMiowFBVV95cUxOYndSM01acU1hQlBtWUpsZWUxUU8wQVRlUE5CSzREZVhFbnk4cmtUTVRkeXRKTGhRMFFsT2hsSUhWR0pldW8tMzVqdHZpckllWHlURzhKdmQtcXA5eFhQX1pWOEZvOFJPcUZvOE5mcEZSVnprRkdoWFRaWnNXQ1pNTDd4OFpEaVpUcXZFVEFjTXdvbDhMZVEwMWs4bXFQQm1ra0RN?oc=5,2026-01-26 10:00:00,Daily Nation,The path for women's groups to qualify for KPC shares Daily Nation,2025-01-03
Teacher and chief killed in night Al-Shabaab attack in Garissa - Daily Nation,https://news.google.com/rss/articles/CBMitgFBVV95cUxOcWswUmV3N3c4Q3E5VGRaMERrQ0ctVkJEYlY5R25zajNPa1Q5VEJVOHhObW4xU0RlRDRMVl96c2g0XzFRdDNwbU1QQ3ktbUszM0ZnUEtDNWtaRE12bTNKYkh3cmtERDVMWjFvRml6d09HSlV2X3VGcHFNUTdsaGk3UXlaOHNnRlg0Q2EyTmJjLWktYW5TM0p2OC1vLVdMSTJ5b0QxY2tOZDFzWFptU3ZuY3IxWVo0QQ?oc=5,2026-01-26 10:29:29,Daily Nation,Teacher and chief killed in night Al-Shabaab attack in Garissa Daily Nation,2025-01-03
Cervical cancer while pregnant: Can you carry a baby to term? - Daily Nation,https://news.google.com/rss/articles/CBMisAFBVV95cUxQVDhVUFpnYngtNHgtODlfMk9XeEZnMmlDcS1qVnVYUW0zenRfeGVndlV6ZEhjbkNSbWxmNC1vUVVDbF91OVRTbjhlZXNoaEVkSTNfYjhWNjk0Ty1KeWVKR2lRQnhzZE1ldkZWZWJKT2JvU2N0ajUxNXNrX0RVZk96WnpSd2d3R0ctUjk1OEZDb2QxOXcxZGtYU3pXcFRjLWZpcEJVMW0wTEFOUnI2WTN1NQ?oc=5,2026-01-26 10:36:42,Daily Nation,Cervical cancer while pregnant: Can you carry a baby to term? Daily Nation,2025-01-03
"Grade 10 textbooks distribution delayed by Sh11bn debt, says CS Ogamba - Daily Nation",https://news.google.com/rss/articles/CBMivAFBVV95cUxOWWFmM05SNGNtVF9RZUc3a0FvU1FmMmNvQ1BmNGNGRDhhamJCU3JWY054NDkwaTRMSGRDY3F6cGxtVWZtQ1NTOFd4SGNvTWN0bzM4Q0hIQ1lXVnZPdW16b0RBNG0tNzd1TmE0MElvWFRRLVZleDhUS2JwUDlVMWQzTXQxMzNtY3VzN1htMHFSREdJSE1pV2R3MUZuRzVRdjkzTERyb0JhazdqZXFqVG9IbklzMi1nenNqVUdTVg?oc=5,2026-01-26 08:00:00,Daily Nation,"Grade 10 textbooks distribution delayed by Sh11bn debt, says CS Ogamba Daily Nation",2025-01-03
'We feel blamed': What men really think about misogyny prevention - Daily Nation,https://news.google.com/rss/articles/CBMisAFBVV95cUxNam1yMzJiQXktTGpQUXBzTVFJLXNLT0JiTGtNQjhnVDBuYUlENXVmRk5tSVJPaTJsMXN5TnRFR0tlcVpmQmlNZXVSSDRUQl85aFM1ZTc3anhXSlB0c2ZVVi1tOTJpV1JQY0FhVk9hUUFhYk03eER5a1pGU1ZQdTU0WWpBaHpkdmt0a1B3S0ZSTmtva3BkalJGN1diZm1acUtDUlQyT3BNRVE0dGp0VVJlaw?oc=5,2026-01-26 03:00:00,Daily Nation,'We feel blamed': What men really think about misogyny prevention Daily Nation,2025-01-03
Kabras coach Carlos Katywa closes in on 50-match unbeaten run in Kenyan rugby - Daily Nation,https://news.google.com/rss/articles/CBMisAFBVV95cUxOWVBxdFFmMHJLekUzVjI2T2pFeFkyQUFYY2dJNk0wb3JEdzQtdi1NeWt6aGdTbV83Z1pxeFpWZ1B3cEh2d1pfOTdZZDdyeHM4eEozOWtDM1Z0YUpiMmRaS192Z0dQSDBwVTQ4bG1aU1FWVmVwZkdWX01Ed054QWpjU0hTWkJaalFLX1ltUzFHSVJYcnZqTWNqWjRFUFkxUkJwWXhOVmlJaEpNRWR3aWwyVw?oc=5,2026-01-26 03:15:00,Daily Nation,Kabras coach Carlos Katywa closes in on 50-match unbeaten run in Kenyan rugby Daily Nation,2025-01-03
Inside ODM’s ‘Linda Ground’ plan to protect party strongholds - Daily Nation,https://news.google.com/rss/articles/CBMirgFBVV95cUxQWEs1RmQwVm5jS20wYllOcUNlZVd1TS1DSExWSS1mVXY3RWhwaTAxRUs1X2F1cXk4dlo2Z1VEbXgwT3o1eHhWYkdLM2FqRjRrUTRnU3ZkcjdRS0JnQVJ0b2JQb3h0T1VpUkRsbEtSNWdJa3pENzVqbWR5RkQ5VTd1RGVTbHFvbmZtMDBpM2llTV9jM0Y0UHRyX2ZnbkUwWi1qZ3piRERqNFZaSFg3R1E?oc=5,2026-01-26 03:00:00,Daily Nation,Inside ODM’s ‘Linda Ground’ plan to protect party strongholds Daily Nation,2025-01-03
Milk deliveries to factories hit record 1bn litres in 2025 - Daily Nation,https://news.google.com/rss/articles/CBMipgFBVV95cUxPcF9DZzQxQzRWcjVyWlJRY3ZiUlIwZlJiWjN5ZUxLTXJMc3d5bzIyZVFFNFBBSjVQVFN0MTdXNkpyOVk5MmUwSWhjRDA4MzJpTnRsWS1yZExHM0RQRlBuVElfM3hvSDMycDJrNF9IYlVlZHZGZVBIVEd1NFItd0Q4UkFDZFI3WVRBdEJjcFNaWUYtTzFkZGxST1UyOVJJM1BpQXpBUEJ3?oc=5,2026-01-26 03:00:00,Daily Nation,Milk deliveries to factories hit record 1bn litres in 2025 Daily Nation,2025-01-03
Treasury considers lowering Inua Jamii qualifying age from 70 to 60 - Daily Nation,https://news.google.com/rss/articles/CBMirAFBVV95cUxNQzV2bDNUYTBua3RCSW50NkVDNHMycUtiWk5pTTQ2ZUthWmVGalRrLUo0ZFFsVEtNVU1ESEpqYkxGcjBXdU1HbDNGUDMtY24wd2s3aE5HR1l3a2tKYTNsVU1TX1A5T2tKUTlOVXlmWTJRS3diNGJOUVctWlpPRmhkdFI1VXllTDQzd3gzdkxTci1Vbk90cGxuZnp4YUxHU3NKTy1JNk5EX1RWQjAy?oc=5,2026-01-26 14:28:28,Daily Nation,Treasury considers lowering Inua Jamii qualifying age from 70 to 60 Daily Nation,2025-01-03
Africa on the back burner in Trump’s first-year scorecard - Daily Nation,https://news.google.com/rss/articles/CBMinAFBVV95cUxQbGtHNVItYmREMGp1cWZwajYweDJkRFoxTHRJbFVLSzBfN0tJbVBNaFczS3FkdTlBXzlzWU5vU3pYYVVkS3oxWTRyeVJ0T1BlNHdMbkg0THNxVGpDelVrNEtnb0l2Sm01X2JGbEZHdlNLRE9MczVBeFZoRzdZM2gwYWhTelVydElpblBWbHBveEpSeU9HTldnUE5oMnI?oc=5,2026-01-25 14:00:00,Daily Nation,Africa on the back burner in Trump’s first-year scorecard Daily Nation,2025-01-03
The legal risks of exposing an ex online - Daily Nation,https://news.google.com/rss/articles/CBMirgFBVV95cUxOcGZEMmdiTTV2MGF0MDczTFA5Yk15U2hjNk5sYWVyN0xLSl9uWUswWGV5bkFYOWpXeVRuV0hyOEo5XzhoMUtkUC1zXzFIdS10bHdrQ2owV0g2djllNGRMVUF0ekpuS2hKZlNEUVFuS3hfN18wTUJYZWRTdkdDb2wxQUJoSXlaZE1xWlA5UDBvQWcyMVFLUi1mWGJiUE1vN2IxU2Q0TElpRjlfRURFQnc?oc=5,2026-01-25 14:00:00,Daily Nation,The legal risks of exposing an ex online Daily Nation,2025-01-03
Shortcut to nowhere: The fleeting promise of Nairobi's luxury weight-loss drugs - Daily Nation,https://news.google.com/rss/articles/CBMivgFBVV95cUxPV00wWkw3c1M5R2ZKWXpDY3o1WjlxMUNBTmRYQ3FxS0FZYThxQ1FZV0p5ek5mYUJUZjQxa2lPRWlndGpFZEtiM1RLUTZWZ0pEck55OXRSTkNqOG5QYXNEY0pkNHJLZ0FRX0c2RXl6SUNmZ1FpVmtLZ3JFcnRsSmd3OVFyNy1DYkZtNmlTaG50OHhVRGRESXA3djJ4eTZoY3FwVkJfSlBaX1l2dEI1SWx5WmU0RDNDQWlleThSYi1R?oc=5,2026-01-22 10:00:00,Daily Nation,Shortcut to nowhere: The fleeting promise of Nairobi's luxury weight-loss drugs Daily Nation,2025-01-03
King of Kikuyu soul: Wanjine unlocks the formula for streaming success - Daily Nation,https://news.google.com/rss/articles/CBMiwwFBVV95cUxOXzJ6Rjdnd1VwNXlWNDB1empKRzhuZU13UVdVZ3FVTDVQREhNNEFUUVk0dGRBTlJ6d19UajdHcmpjVkdWMFNBSDBzV0RWN0RIeXFubU5HdllSOFlaVVBfRE9UODFEVkJaWUZpSUFjM2c4QTAySnVuTEJYb1dZWTZPUzZlSXpvbnVUUkpfenBhTnF1SFJiQjBQc2FpMXd6VnQ0TXVybVR2eV9IaVBpUmptRlNGZ2tDTWdMMnZ4SmkwSU1tRWs?oc=5,2026-01-25 14:00:00,Daily Nation,King of Kikuyu soul: Wanjine unlocks the formula for streaming success Daily Nation,2025-01-03
'They strangled her': Bobi Wine’s wife hospitalised after brutal military home invasion - Daily Nation,https://news.google.com/rss/articles/CBMizgFBVV95cUxOaVMzTXdfRnZUZUdOY0tvMTViRVVUc0JhV0RWbUdMY1VNMTVjd19ObUx1RFhOMDIyRkpKRXdKZnV3dmVENnVWZHhDVXBoYTBSSlhaQmdIZEIyaWZ6cGVzMDRnOHo2MkxUWUM4Ny1kamN2cjEzR1huMGJQMWdJM2Z6YjhBNUd2RUVaamtTd0MtQmZIemtKR1NVc0ZzMU1wV1dKTENodzNxb1JxdTlPcEFlZXNTeXFvX1hLRVNvSlptbjBMWHVod0R4dzRyeUdadw?oc=5,2026-01-25 09:11:58,Daily Nation,'They strangled her': Bobi Wine’s wife hospitalised after brutal military home invasion Daily Nation,2025-01-03
Kenya U-20 captain Amos Wanjala joins La Liga side Valencia - Daily Nation,https://news.google.com/rss/articles/CBMiqgFBVV95cUxPVjBsdmtPbmNWY0xHLWdRVEpod0NRUG5mRnRWXzN6RFh5dF9UTTVNSEZoWXJRcDNjckotVE9fbWhQSnREeXVrNjNlWW5UQ3ZHR1BpTnp4SjZuOTdSQjdBaVpyVmZ3S0VZRk14ZGpfQkZXOV9VUWxCNlFDVHlIOE1oZS1NLXlPQnN1d25veXN4NUFIRnRjd2lSRERYQklFcmZVU3lrZFNCM1JmUQ?oc=5,2026-01-25 13:10:39,Daily Nation,Kenya U-20 captain Amos Wanjala joins La Liga side Valencia Daily Nation,2025-01-03
Scientists discover why some wounds refuse to heal - Daily Nation,https://news.google.com/rss/articles/CBMimAFBVV95cUxQdFBxRWxKTy1KRWR2UXZlclg2d05scWZpZFZucUxKa2pJU3BVQnBjc0ZPTjc5c1lJZExOdXdKUVZ0Y1IyeGxYa2hxTHdiVDhqbllrbEtYZTlLMEJRY2E2a2tMRnBUYXVQYmZlbS1WdDdDeUFaNzB0NXpTNEp5RWJRbXhaVjJTTVJBZkFydVFIel90X0xHOXhEcg?oc=5,2026-01-22 03:00:00,Daily Nation,Scientists discover why some wounds refuse to heal Daily Nation,2025-01-03
"MPs retreat: 2027 elections plans, senior school chaos, and SHA top agenda - Daily Nation",https://news.google.com/rss/articles/CBMivgFBVV95cUxPSVhOX0k2RGUwb1lHWGpMZE9LYlBnMjlOUS15Y2VseUZTY21TWmkxNjJpRmpzd1hVY2xFcjZfR01jVjJNSlpNN0t6U1doX1lrMUJwYk9DT2tlc2RPQUx2SEg3OVRSV1hCblN1WG1yT09aUmhBUDBlTl9lQ3FjTTBWa0R5bkZRZ2dCdmItNXR1RHF2TFhXanhDNkw2aE4yS25hYV9aUG1zQUdmRU9vRTMyNUZJWS1RMjQ1cmdDRVJ3?oc=5,2026-01-25 09:51:40,Daily Nation,"MPs retreat: 2027 elections plans, senior school chaos, and SHA top agenda Daily Nation",2025-01-03
Police lob tear gas at worshippers during Gachagua's church visit - Daily Nation,https://news.google.com/rss/articles/CBMirgFBVV95cUxQWFRKVC13SktUZkxTZ1d1cTJCTlBVTVMzTVFJTmd1SlRrYTJGZU1mQWRBZE94NXVpcnBzdndodU5YM2Z2dllOLVJIM1M2VlBmV3YtR2kzTVEyRk83b2tRYWNKYVF6UHhtTWpnYnFJNDc5dGZkSU8zZW15MlJyalNZdExSTS1McElDZWlxMG80TDRwT2JzNV9YWEJMZTJjelR3WkFsM25yYXR1SU1aRXc?oc=5,2026-01-25 14:21:12,Daily Nation,Police lob tear gas at worshippers during Gachagua's church visit Daily Nation,2025-01-03
"We found church on TikTok: Tales of no offerings, tithes in new gospel - Daily Nation",https://news.google.com/rss/articles/CBMiygFBVV95cUxQM3k0S3VUUTVseGZjSWdFN2Q5V1I0NWRfWTU5UEl3ZTFKV05fcVFVNzJvclhwTjlIb2FqTFFraXVzWlpYc19ySktiNFprMTdxVFIwelMzYlFwOWtuSTRCVG5adlhKZGpEM3g4empJNjN3YXp2T09KMzdhN0RCbGpWb2ZIMEk2bjBjQVZxN3VtQUFVT0ZiNlpjSGZjQ2ZERExhdm1wWm41QjJWa2JUUlk3WjVwVDgyODhJcEZyUEVGS3JqVlV2djNiTHJ3?oc=5,2026-01-25 09:00:00,Daily Nation,"We found church on TikTok: Tales of no offerings, tithes in new gospel Daily Nation",2025-01-03
Solar: The invisible burden of going green - Daily Nation,https://news.google.com/rss/articles/CBMijgFBVV95cUxQOE1RSW9LdnJVWlQ4cVYwSmd0TTBJSkxzOEw4UERvcURtZThWcEdOdVpGNFFXVmp1YnlVakdqXzJqNWVwWDlONXd4enJLb3huTXcxQXJGS1lYZTdIMGVzYVk4ay1sZ19RUWtobWZYdS13RGlXUE1iVGxSM2dyWHdzN012UFY5OEpFSXlTX2t3?oc=5,2026-01-25 15:48:50,Daily Nation,Solar: The invisible burden of going green Daily Nation,2025-01-03
Why bid to remove magistrate in Sh1.3b Loresho land case failed - Daily Nation,https://news.google.com/rss/articles/CBMiqAFBVV95cUxOOENYM0d1MlFYejNpbFhnOGlOQlpXNVMxODFWNTd1Vi1FMDVRQ1gxcFZFN3VaUXhVR1lFalpCU3BPSlVqLTI1SDZ1X1h2d3pLYXhkaTE4bmhoVkk5Z19vb1hfZl9sLW1GS0hQNTRvUmNoNGxzMFhScWM4Y2p0Ny1jQVktN1dEZEtPWlRUM2ExWlZRMXNyVVZNeFFQeDdZQkpidDlGYjJMT2Y?oc=5,2026-01-25 12:38:27,Daily Nation,Why bid to remove magistrate in Sh1.3b Loresho land case failed Daily Nation,2025-01-03
World Bank climate project suspension adds to Governor Nyaribo’s woes - Daily Nation,https://news.google.com/rss/articles/CBMivwFBVV95cUxPYmFBNmxrcTg3VE9tLU1qajhrZnB0Z0xGUTUxZUctVjNfRW9INkgxYUtfencyVHU4ekhDVEJXa0pqYzA0UXpHYzJabS1OMTItLVZmcHlzSk02SDYzbXoxZlByR1JIU201SElqWnZwRXFSaUpvQTA1X1piU204NEVmVDA3c21ERUVPeklFUFNETU5jZlUzVkViLUkwQmhiaUFlOC1KbDVVazJpa29TTWpJSTJ6Wng3aUx3NjgtYWdJYw?oc=5,2026-01-25 10:18:50,Daily Nation,World Bank climate project suspension adds to Governor Nyaribo’s woes Daily Nation,2025-01-03
Double blow: Two judges slam the door on Ezekiel Mutua’s MCSK return - Daily Nation,https://news.google.com/rss/articles/CBMiwAFBVV95cUxQLVRhQ0RzMHF3TVUwY0hFaEstVFNaS1VPVF9Pb0NrN29fRjRxbUZ5MEFjd0FuUjN2VkxzQkgzM1c1RXdkcS0ycGdEcGM5R05XWWZLUnN5WUY3bnlLbW5QbThjRGVXR3daNHhoc3FLdEJWZkd1cWhLaEg0dXZZakJvVEM1ZFlLR19rbVY3WGJJUHYwbktJVG42M1pTd2NTbTkxZFBhdUxuNjVlRXRZVWdsenZWb0ZIcDRrQzN6Z1hOa1I?oc=5,2026-01-25 09:35:28,Daily Nation,Double blow: Two judges slam the door on Ezekiel Mutua’s MCSK return Daily Nation,2025-01-03
Okaka: From ‘mjengo’ worker to world-class boxer - Daily Nation,https://news.google.com/rss/articles/CBMinAFBVV95cUxQWERlVm5wS2I4Y0dKSUppNVJHcUQ2OUZ1TWZkV0RmeURzSzltOWNOYUZiUERkNnNUZE1CVlJRYWViWmQyc09LczJwb2JtbEdOb0MtbXR6bUU2dTdNeWVSWUNCRFRwZzE2WTU0LVA2SVgzZ21YZVBwQjJrSTNaU0JKYW5LMjF2X2hGa2EyZ1NRcDVQQldteEpJSVpoWFE?oc=5,2026-01-25 03:00:00,Daily Nation,Okaka: From ‘mjengo’ worker to world-class boxer Daily Nation,2025-01-03
"Mystery man breaks into Murkomen’s high-security office, stays for five hours - Daily Nation",https://news.google.com/rss/articles/CBMiuAFBVV95cUxPUHZadjZQRF9sT1U4dlIwbVFvZTN0R0I1aVNmMmVnelN5bU9SUDlheFhYNHp3Tmx3ZmhPb1VHdG5JN0tiMmNaLTVPb1BJVk5icS1UVkNuc2Rrb0ZjcFRvZjNWdHpTcS1uRjFyWThLLVZ2cnJEd3hCdDJoaDVmWnIwVVpwWGcteTdkRFlIbUdiNWxERjEyWXEyZDZkelZybVVwd2stOHJHSjhDTWhSWkFpQnJ1eUU2eVRK?oc=5,2026-01-25 14:06:03,Daily Nation,"Mystery man breaks into Murkomen’s high-security office, stays for five hours Daily Nation",2025-01-03
"Kenyan parents, wake up and protect your children - Daily Nation",https://news.google.com/rss/articles/CBMiqgFBVV95cUxORGl5ZWZUa3JwOHFsQnBxTDFRQ3dlZUpRNGdQeWt3NXlQRG54RjVveTNMYVd6RTRjZ3ZaLWJHLTlMMmJZc0UwZ0pmLWpmaFhXbnI1MWJTUHlDZ0hIb3M5Q2xzS0NISTQxQWtsOFAxOXFFVjNMeG9Zal9RSFVZZE9NZWl5eGJpS0p2R0lNVWo3Y0M3Z1JLVmRyTmRDWk5tb0kzTmVwZ0pnMlhtUQ?oc=5,2026-01-24 21:00:00,Daily Nation,"Kenyan parents, wake up and protect your children Daily Nation",2025-01-03
Gachagua: DCP will hold free and fair primaries - Daily Nation,https://news.google.com/rss/articles/CBMingFBVV95cUxPSFloWnBPdWMwUm0ySEh2clNCLVlEdk0xdFJUZmV1VVYwN2xYTFloRVdCQzRDT0NPN0t6MjdhQ2syelBDNjB5ekpJNnB1Zk1XcGtMcm53elJwSXhBYkM3T2FHQ3J3QkhvR2FPSGlZck5jOG1jWXdkYWcyLUNuNER3bnhMdTI0R25kYW9qV1duNVZqVVpOdXFyRnA2QWtPdw?oc=5,2026-01-24 19:19:36,Daily Nation,Gachagua: DCP will hold free and fair primaries Daily Nation,2025-01-03
South C building collapse: Re-inspection of ongoing constructions begins - Daily Nation,https://news.google.com/rss/articles/CBMiqgFBVV95cUxNc0JjZHFBZFpaU09mOVZHWVVXNDZyMktlS2VtMU00ZTY1TXhTanI1VmpsXzZ6ZXVwNFhNakVCTDhCUDVldUk5UzNCU29TWElFcUdmYk9CMEFDUVlJcnJTYnM0QzhBeEtGMFVFZ3lfTkFzeldZMEVHM3dxUWNDNHJiZkhCWVQxLXBKZTlvNFNMLVZYRm1pY19IU0k1VkNMSC1neHRsdE5XRUdqZw?oc=5,2026-01-24 14:37:20,Daily Nation,South C building collapse: Re-inspection of ongoing constructions begins Daily Nation,2025-01-03
Beyond the CV: Why Ethiopian women are switching their ethnicity after getting jobs - Daily Nation,https://news.google.com/rss/articles/CBMiygFBVV95cUxPa1Ntb1hueGdlN2UyRTNPYUladVB3TE43VU1ab1ZwSkhLSGh2YjFPSldRQ3pHNHFUTUtMWWRtblFmN2VRV0tnazhyay1GZVptcEU3LVFQdDZpZ0ZVVlZrVno1aDB0MVZSTVFXY2xPdlh5cTEyVm5lTTZkazI3QzF3TXpZbF85SjYzVjVnVzJYYXVKNk5udVpRSWg5d0pyRnV6U2lXS2JCc2N6T2FUOWxaOC1GcEV4Uk1QUEx4S2tOVXlQaTE4ZllkeWZR?oc=5,2026-01-24 16:34:22,Daily Nation,Beyond the CV: Why Ethiopian women are switching their ethnicity after getting jobs Daily Nation,2025-01-03
The high cost of the ‘high’ life: Kush Tracey’s journey from addiction to ministry - Daily Nation,https://news.google.com/rss/articles/CBMi4gFBVV95cUxNTWFhQkFsMTRvc1pzTzJrQi16Mm9yTEhOeU1qWUxOZnNudUh6aWEzRlFfUXdfRGJwRnBXVGh2Y25TbzU0SFRuVDZlN3NiV0N6VEFTQ3JJT0NZU2NjaWxyaG5LbHE0NkZrWHZKRG1xcmppSjRLaTVQYW9aYkpwelVEeHJNQU9KeGxHZnQ3Z05FYzF3VDRydHBKNUhxRWk3Z3ZOT0JEQmxldElpUWszRkZ1WU5BU1F2MXdYV3hPbGJhWUJmeEFxbGlNd1VOYWJ0MXJ0SW11RGIyTXFtUW5WX3ZGZWxB?oc=5,2026-01-24 09:00:00,Daily Nation,The high cost of the ‘high’ life: Kush Tracey’s journey from addiction to ministry Daily Nation,2025-01-03
"We cannot replace a dam with a bus park, Governor Wavinya tells Senate after backlash - Daily Nation",https://news.google.com/rss/articles/CBMi1AFBVV95cUxNdGFVcF9ZRWN5UUx4aExSekFOZm1ERHRLVDc1ZGVjOUJqcTlYX1FIN04tOGJqdW5STzcta2pyYThiZUpub3FIRTVYRENKc0dkMEVHSi1zc2JtdlZHLVRoLXJkcWRTZjBEbWw1aVIydFNNZDRwazhVb09remkxRVZmaFkyQjhXSmVtWmI3S1lzc3AzQW5RUENfR2wyaC0zOHBhdFluTGZEYVhsLWtjanpJeDRFWUthdWd0TWtBU0VBRTZHb2lsRlpwWlBfT3BER1l6ZFAtbw?oc=5,2026-01-24 10:48:44,Daily Nation,"We cannot replace a dam with a bus park, Governor Wavinya tells Senate after backlash Daily Nation",2025-01-03
Kiswahili emerges as top-performed KPSEA subject - Daily Nation,https://news.google.com/rss/articles/CBMiogFBVV95cUxNMnhmemtVZ0NKelE3aVUzLWhNc2NYTkYyNlU2VjItajZNNHQ0UnU1aFNkbmZyUThyc1djYXh0ZElITG5TTTVyZWM5Q3NXdWxLRkQzQUhxMjBWanladUE5eHhuTjFTSzRTWVMzTHhBa2VySklkX2t1MzJDbkFsLVVVVzU1Q0p6MFVxMjdybkZGRm1QN2NWaEtsN3R0c29DR2pHVnc?oc=5,2026-01-24 14:06:45,Daily Nation,Kiswahili emerges as top-performed KPSEA subject Daily Nation,2025-01-03
ODM wrangles: Oparanya-led ‘G8’ accuses Oburu group of ‘greed’ - Daily Nation,https://news.google.com/rss/articles/CBMirAFBVV95cUxQbFFvTHFJbU5hZGFFaUt3ZU9EdXFzTFF6WXZteXkxSE9DbG01WkVsdkJEWE5UZ08wQkNfTTdidWFSdzAySS1oSXFSUHJXTGhpMWxvbzZ6OTlSSEdmdmJFVUxzYVlTVjA3bkNzU1VsSkY1dzc5SnJPeHU2cEYtaGkxd2pkUURwQlB1c0R1ck9CWUV2ZUt5NFRrVXNaa05IbzZsTUlSRUFMUm40bnBx?oc=5,2026-01-24 11:19:07,Daily Nation,ODM wrangles: Oparanya-led ‘G8’ accuses Oburu group of ‘greed’ Daily Nation,2025-01-03
Absa Bank Kenya poaches executive from Stanbic - Business Daily,https://news.google.com/rss/articles/CBMiswFBVV95cUxPY3JzZklHLUpZU2Rodld1bnZleEhPRFNSMVczXzhtaWE5WU9CckdXYTB1NDNCV0VpOUF0bmhibC1pS19PaHVJNkFBV1lRSFFldW9YV1lrU1dLNXZGZ2FnQXNZUkh1RDVNQklGWjg5Rlo4cUVNTmFGZUlPTGNKd2VWcWFYOFJmZ3FQenBTUWJGS0RycS1jX3FIUDEtTEEzOXJLMTQteWU1dmlvM19UbHcwQThzdw?oc=5,2026-01-26 15:55:01,Business Daily,Absa Bank Kenya poaches executive from Stanbic Business Daily,2025-01-03
"KRA catches 392,162 in tax evasion crackdown - Business Daily",https://news.google.com/rss/articles/CBMinwFBVV95cUxPVHBRRWhnMkxtYUJaazZLblNEazVyVTVtQjZaRnhLMTc4Ny1nMWNkM2tOSzNickdkYWFXb3BXWGpLbm02SE5jUXp0aXFzUUhGdkRreDluUFpNQTA3ejJYYXdlaWRJWnVpeEZpaXVVbU1lUThsMVZtdGU0UGdPeDQ4N29hczlrSW5wQUJHcF93TDB0cy1ZR3FvMmhXaXdnSUU?oc=5,2026-01-26 18:15:00,Business Daily,"KRA catches 392,162 in tax evasion crackdown Business Daily",2025-01-03
Hundreds in limbo as State scraps ECDE Diploma - Daily Nation,https://news.google.com/rss/articles/CBMingFBVV95cUxPSjlLODd6TTlDRmNZM0ZfT2U4dTRHcUx0UjNaLW0wZjE1TFVkclNDZjJvR3RPWWRfc2JXVlVXYnhOOWhJY1hZRmp5WW1JMzhpTTZ1X0N1ZXVHeU5SSzNmTmt3bm9CNFgtWU83LWZ1cnczaEo2QUR1U1JZczZJUldrQ3NHQ05xb2RTT1NRaUVveEtsM210S0RRRWZSVG5jQQ?oc=5,2026-01-24 08:42:11,Daily Nation,Hundreds in limbo as State scraps ECDE Diploma Daily Nation,2025-01-03
Court faults TUK for illegal deductions on senior lecturer’s pay - Business Daily,https://news.google.com/rss/articles/CBMiwgFBVV95cUxPcXdIRy15ZjZXMGpyNU1LZk45SDRabDNjS3p2RjVuVHpxLWV2SkU1WlhPNk80OTQ4VHNsVm04TTlMbzVCWHZhYUlRVlljQTFkeldjM0hQNUYtVzVCSVBZNEo5NUszblQ0ejBXZzNuTTJZNk1CdjE5U05KVk1YUWlKaHp3NWRldG5reEUySHQyWlBzYk9OeWJ4RFRjSFR4SVZsUlhkREtVdWJOU0JYUGM0bG9lMm1IS0xlZDlBbVNNdWtPZw?oc=5,2026-01-26 17:00:00,Business Daily,Court faults TUK for illegal deductions on senior lecturer’s pay Business Daily,2025-01-03
Regulator clears buyout of fintech firm Riverbank - Business Daily,https://news.google.com/rss/articles/CBMitwFBVV95cUxQOE9XOVQ1d3hhdTRaVlUwMlZvdnR6UzNsaUhEVjduSjNleUhwZXRpSFFEQ1psZmxMMkdJQnJ6Z05hVGZkeFRjMkJfMGRqSUh2ejhhSlRMR0hpYkh5dVdjOGJNV040MmlnR3BmM3NaQkdyMHpHLWc5RHU3NzJSVXNPYlVRcXdJVEpVMWNzNzBnTWFnTVFkejJ2aGxDWDg1S1dFUnJsdEFvQzFWaUZKRXNwdVZOWG41N1U?oc=5,2026-01-26 16:45:00,Business Daily,Regulator clears buyout of fintech firm Riverbank Business Daily,2025-01-03
"Fake claims, real theft: Sh11 billion stolen from SHA in six months - Daily Nation",https://news.google.com/rss/articles/CBMiqgFBVV95cUxNSXpSV1dwQ0lESG5zcGFJWGVFTzlOM3BUb1JuaWJPU25XQlhMcXpuNENPWjNMUjFMZUpGUFZ1TGlFLUs0MWphclcyalhUeE5zM2NsUERqQVpkX2VCNVRKM0pSYmp4bGlzUWh3S1cxQzlkSlEzLU5TcWxqVUpvSk1sZ0I5dzc4REJoS05VNld3WXpmcnkwWUFZbGdGYks2cTZaZW1jVHZ2Y1hQUQ?oc=5,2026-01-28 03:00:00,Daily Nation,"Fake claims, real theft: Sh11 billion stolen from SHA in six months Daily Nation",2025-01-04
Why we relocated to Kenya after decades in the US - Daily Nation,https://news.google.com/rss/articles/CBMiogFBVV95cUxOcFVKVHRvd3o3RTNQTUtpcFJPNlVCZjFIaG42SlE2ajgxcE51NXZfOGdndkFNdjgySkV2dVFKM2JfcTJKSE45X1VadVpuQ2NxNFc2cHkwMFY0M1c5N2lUVFlKRzM0ZjhSblAwZFQ0Y25JbXlrZTM5a1VHR1Viekd0VGhsT242MzB5N0ZMVlZSWk02UlRZWGVSSzFkaUhJWG5DMFE?oc=5,2026-01-28 03:32:49,Daily Nation,Why we relocated to Kenya after decades in the US Daily Nation,2025-01-04
Businessman’s daughter accused of forging father’s Will to seize billions - Daily Nation,https://news.google.com/rss/articles/CBMitAFBVV95cUxNbVVUQ0NTS215VlA3bmlZZUxJcjc3YjlsNzRhc2pwRnBZODBPR1ZsN0VONXRaV2VCZmpXZ3BkVEhLQ2dnSkJQOHc5ZXdGSWh1ZU9MWVBxcEw3NU5RN0ZWcjhhSmZ1c0pIQmZOekVKMXViQlRlekNoN201aUZ4bFE0Tk0wNVlNcG5xeVh2Q3MxSW4tSjZwYWVnb0FmdE1YbzNEU1ZYSUJnUTlJU0xhNzVXcU5qYjc?oc=5,2026-01-27 07:25:08,Daily Nation,Businessman’s daughter accused of forging father’s Will to seize billions Daily Nation,2025-01-04
Lantana camara craze: Why Kenyans are eating it despite being toxic - Daily Nation,https://news.google.com/rss/articles/CBMiugFBVV95cUxNLTZObVdYQWxXdXBJUHpXNzBqb1dqd1lfSnFxYVNxczk5bU9RZ2c5cHI5ZzVwYzBFb2hVX0pUZ2dFMTVMenduNVJxa09VNVdRdFYwdFBHWUR0RmhqSWl4VWpoZzNUTWRubmpObkJYcFJVM2VPS0hmdXlEcXM0X1NLVUFGOGZTeWhnRkFpQnBzZTRCdW1WanNMcE9vQ25DV21ZdEZVZDRmTk05ZE5qYWV3OEN3VXhSRkE3T0E?oc=5,2026-01-27 08:00:00,Daily Nation,Lantana camara craze: Why Kenyans are eating it despite being toxic Daily Nation,2025-01-04
"Jeremiah Kioni: Close to power, yet 'always just out of reach - Daily Nation",https://news.google.com/rss/articles/CBMirAFBVV95cUxOTzI2aVNCaVhCZ1pXZU82NmEwblNhX0FJT05JazdYTkJfWXQtdVpZRWZ6M0IzQXJiYS0tSVk1d1EtQkstOGVxSVF0d3NzS0I0S0NpMXA2b0ZGT0R3YVlTeVhzTU9Mc2R1MXg2bGhGVkU4dkVZakdVMDlJSnlNRFlJbGpuSzFpeE1MZ25Dd3ZJXzF0OXBHekk4bmprTU50UE0tOHJfR0N6WG93aVgz?oc=5,2026-01-28 03:27:18,Daily Nation,"Jeremiah Kioni: Close to power, yet 'always just out of reach Daily Nation",2025-01-04
How Gachagua church attack reveals high-stake power struggles - Daily Nation,https://news.google.com/rss/articles/CBMisAFBVV95cUxNSmFvWnRvV0lSc0xLZk9NWmVnemVOZ2RibnZsTHBtWEp2YjRfa2JvaDJjN2FoZFhNbUc5cGdxcjFvUG9KRXdqM2F1TnhlOGhXZTNWU0NUdi1mdmxENkN4U1BzSF9mUGNFR2gyd1Zjek9KTXpINXZHdk5OY25teVFwSnRiSU5sSUpwOHBlNjU2b0xLQkZKRDRIMk9kay0yQzI2WjdyQkwzOWRWYUFDa0Z3Tg?oc=5,2026-01-28 03:00:00,Daily Nation,How Gachagua church attack reveals high-stake power struggles Daily Nation,2025-01-04
Businesswoman Mary Wambui fights city luxury hotel auction over Sh8bn debt - Daily Nation,https://news.google.com/rss/articles/CBMitgFBVV95cUxNeXY0NEFZdjFjM3lEZEVzLXk5d2p4Ul95RGQ2clN6MVA0RGJxYXFENklXYzZZc3dVR29UZUQ0V295cjRVWks3M1UyaVA2UkpOc2t5S1dlYXhvMmFacmNzbDVpQldCUUNYQnBDRmtBb2ZVVHozaXlBemQzRm5XbUFVdGR0R3J6MGV5QXhia0o3Mm5NdjRybkZZbi1IeVljNklPcjBtTlBHWGM4S2lnc0lZd0g4Yzktdw?oc=5,2026-01-26 11:45:00,Daily Nation,Businesswoman Mary Wambui fights city luxury hotel auction over Sh8bn debt Daily Nation,2025-01-04
What Ida Odinga is going to do at UNEP - Daily Nation,https://news.google.com/rss/articles/CBMihgFBVV95cUxQOHNPd0loNVZ6Y2NYNFVPZzdJYk1ySVp0Rl9wUi1UV0Q0R1ZWWkE5c3lQcHNEaURFT3BHVkpiSWRPNWhzMEE0ajJmVUtqSldyUlZELUN1SkdSSU93cjFGbnc5Z29PNE0wbDNRc3hORHFmQWdLV0hheFhyeDJoRUZhNFZYeTYwQQ?oc=5,2026-01-28 02:00:00,Daily Nation,What Ida Odinga is going to do at UNEP Daily Nation,2025-01-04
Report: More than half of MPs will not make it back to Parliament - Daily Nation,https://news.google.com/rss/articles/CBMitAFBVV95cUxOY1g2SEZLR01SV3AtSXh1N28zbVkxeFFvMVpIb2pCMzBUU3RzT2hZM2o3RmM0d09ud0REZGlJelJpQ1N2X1dOTlFGaDhJaVpKWnl4cy1BdDcxalpFYTg1Qk45TXVJSm9IbFE1WXRmdlQ0Q3pJT1ZtR2phSUI0NERGcmctcXYwX2FMWTRONFZuOFlhR25MSTNndXZMeTNuZThWT0tmSnJuYmdONG8wdnoybE5mblc?oc=5,2026-01-28 03:00:00,Daily Nation,Report: More than half of MPs will not make it back to Parliament Daily Nation,2025-01-04
Two Ruto advisers face legal action over alleged contempt of court - Daily Nation,https://news.google.com/rss/articles/CBMiqwFBVV95cUxNd2psWG9ENXE3ck9EdEstU0FmRWdGVm1TQ1N3ak9jOWZReUprYlFkbl9jbTljZFlhbXhYOGNLSGVqWE9lNHZQUzBWTXhOZ3VIMXFpYmwyUUtPbFY0a2F4Wm1UUkcyam1vSl90OUl5Y05nU2I5ckk2THBLYlpad1BDdVRlbklIMlFZMmt5TmJtSmlFelRPcEtCcV80clJaSjVqSFJMVVZaTDlGX0E?oc=5,2026-01-28 02:00:00,Daily Nation,Two Ruto advisers face legal action over alleged contempt of court Daily Nation,2025-01-04
20 athletes found guilty of age cheating after probe - Daily Nation,https://news.google.com/rss/articles/CBMiqAFBVV95cUxNc1F1bFNJQ0dPUWVWc1RLcEh1MUUzOVQ5am1kV2hnbXBoX05pVFZWZ2Y3MjJfQkRFRDU5ZHRqd3VVM3o0OG05R09FNXI3cGxsZTdtRzN0Snl4U0tXWnV1YXNqLTJYQ0plaUZJaXM2NU53cE5qcGQwSXJsOEFOd3RxbUVaenhES1pCSlNSTEJvNzVrUk4zNHFzUzBycHJSRHBBam9vSGJPcy0?oc=5,2026-01-28 05:22:53,Daily Nation,20 athletes found guilty of age cheating after probe Daily Nation,2025-01-04
I earn twice my boyfriend’s salary. Should I still marry him? - Daily Nation,https://news.google.com/rss/articles/CBMisAFBVV95cUxNWngzcWhhejFDb2NlMmxYb1QzNUxQNGRUMXBEQTVVLWxvVjVTd2VtOFlNNmhFZUJZU3lKazhiRkxRbjRsSkQtemFhN3JobHZlRGVUamc2cUY2a0lrTGJHZTY3VEJiRmNCU2NnOHRfWlRXVkRYVE92bWtMdzF2WFcxdFlCN0RfZ3BBS2lpcHVkY3ZlMmlGWlZ0UjdrS25mOTdfUkRsX3ZuWEZNMjIzbnU4aA?oc=5,2026-01-27 13:33:43,Daily Nation,I earn twice my boyfriend’s salary. Should I still marry him? Daily Nation,2025-01-04
Court limits employer liability for funeral costs in workplace deaths - Daily Nation,https://news.google.com/rss/articles/CBMivwFBVV95cUxQUVFUUWV6ZlNnWFpuay13RU9TMm0yMHBIczZnMk5uWXczeHNJOXZPU3NsTWxsUHQxOFhCQ0RoczNkUUIxVjJ1bEtDdkpFR0NRTUo1MTFNV3VtSHBKQzBTRTJtWkUybm93M1JlNy1qdWpIT1pUMVBrOEFvZDQzTzU0V1I2cjNUaW1PQzhCVHhHYm85OUNsVGw4aWpzM1VPS05rdU5ycWM4RFR6R1RpaXVXZDh1cnk3TUVYaWp5Yno2OA?oc=5,2026-01-26 13:42:05,Daily Nation,Court limits employer liability for funeral costs in workplace deaths Daily Nation,2025-01-04
Kilifi man who killed wife for joining Instagram seeks court leniency - Daily Nation,https://news.google.com/rss/articles/CBMivgFBVV95cUxQY3lOV044OURibnBkX1ZETzZTclFnY2FJRmlpdDdCRWJhQ2d6YW9WbUV5YW5rd1U4Slk1c1NGVnNrMjBOSlcxTGRsWmp6RGU5Wndkd3hJMExBVXFSSExPLVFBNW44ZGR5RUZmZ0dRY29lb0luZmZYS2l3SkE4TkR6bGthRmlPbDVQcHhDNnZSRXFybVZ1aExHR2swLTRIdmgzWHFnSWRWdmFCRkhUTTFKWHRYQXV5Mjd0Tk53SHZ3?oc=5,2026-01-27 11:00:00,Daily Nation,Kilifi man who killed wife for joining Instagram seeks court leniency Daily Nation,2025-01-04
PSC requests Sh3bn boost to tackle ageing workforce crisis - Daily Nation,https://news.google.com/rss/articles/CBMioAFBVV95cUxNVFZkZkdoWEJQV0FBdC1sOTRVckJvcHM0TWFoUFVBZzFZVzE1QzUtN2tmVFFZSmdVVHBFWUZXazliN21jMXFvSE0wTmlPekFnMGktdFZNZ05hX1NiOGpIbXFxa05JaGhGZV9sYjRmMzJSVGVNM2RyQXlnSE9qczVGNmxKNUpuQ21zZ0pieHFlZGVoSFpJZy1LT1dpQ1o5V1Zt?oc=5,2026-01-26 03:00:00,Daily Nation,PSC requests Sh3bn boost to tackle ageing workforce crisis Daily Nation,2025-01-04
Court upholds revocation of 306 unqualified nursing interns - Daily Nation,https://news.google.com/rss/articles/CBMiogFBVV95cUxNZm5TeFVaMTAyZ1ZVTEd0V0czSWtjbjVZSWxqU19NcXVPdlhpVXI2VWZ1RFhVZ1NJRGt3TDU5bzhtWjRXRTVjVTVJdHk5MFFHMFFQRk1xTF9MZzV0RHU5bFp6YWVONFRBSURJOHNUbHQ1bXY2d0ZfRHllM2V1djBtUW1ycmtEeE5hRHRjNkVRbmxqVWNjejhuSE9Yc0NHb1Y5Z0E?oc=5,2026-01-26 13:48:46,Daily Nation,Court upholds revocation of 306 unqualified nursing interns Daily Nation,2025-01-04
UDA jitters: members push back amid coalition talk - Daily Nation,https://news.google.com/rss/articles/CBMioAFBVV95cUxNQ0lzU09aendpUWVhSk5zR0dQek5KUEZxWF92ZW5ZVzhNTXlCRkFxa0IyZGNxWTczTWhVR2JpRk5FSFVteGRYeWE3UmtrRVlOWGZLeHJhcTZvWThjR004NUtFMkpPRU1DNkxqeFhXNWphSUNid05SZXlOUlBNZjZ3dEstV0NZWVkzNTV1Wl91enJDRkt2WEs0YzEta09SaE9l?oc=5,2026-01-27 16:07:14,Daily Nation,UDA jitters: members push back amid coalition talk Daily Nation,2025-01-04
Bribes in TSC recruitment scam rise to Sh133.8 million - Daily Nation,https://news.google.com/rss/articles/CBMiqAFBVV95cUxNSy1YclhVdnJqT3h5TDhnZlBBYVNOZm1BdjJuRVJGUzRVeVotTmFVLVhvajI0Y2pvSFlhbXJDMzVIZlA2eUczY0RjTm1yLWpkWGVSQVNpa2E5THBrcF9fT3BpWFJ6UENxbTNDc3cyaUlvNWtSbUhzOUNkYktvWmNCSEJiUS13VU1Yel9Ha3VCSklEb1dBUGt3azYtSzJqTGJpbTZqUFREeUc?oc=5,2026-01-26 10:10:48,Daily Nation,Bribes in TSC recruitment scam rise to Sh133.8 million Daily Nation,2025-01-04
Will forgery claim sparks family feud in ex-AG Karugu’s multibillion estate battle - Daily Nation,https://news.google.com/rss/articles/CBMiwAFBVV95cUxQT0dvdnBKbHlFMXVUakZ2NjdkbTlvOTd2SGxPbGc4Qy1WNzRSeGJiRnljQk1iWHRpX1AyTTh3ZTFMX1NSVUpvazlVSVVSZVdzOW5ONVNveFphclNXaVprN1Ezd3l4ZmFsa3J1TVF0UFU5UFcxZzdvZ0NTZGhZcmZpRGxiMm1YYVZlRE10M25oemU2Wlc0dHAtMWJpb3IzaWdXNlNoblhic3kzOWUyVEY3WjYxeWctenZzMmxLeGlQdzk?oc=5,2026-01-27 08:54:47,Daily Nation,Will forgery claim sparks family feud in ex-AG Karugu’s multibillion estate battle Daily Nation,2025-01-04
"Ruto appoints Issack Hassan, Katwa Kigen among 15 new Court of Appeal judges - Daily Nation",https://news.google.com/rss/articles/CBMitwFBVV95cUxPX3BBRkYzOUtqeFFCN3Y4eTVwby1iSWFxTTNibXpXNHNuYy14eW5GbjRab3lrT2ltazdLUi1lenF1SW5ueFJyQmpfRUlxb2tFR0RtNzNjdWVVQXYzWXpxaU9ITERucWZTUzFiWl94LXhwMXNlLVRkeGNMVXp5NExDLWNqTUpRQnZEcWtJbUpUV0Ixb04yV09Ba2pnVVY5czJEcC1Gcm95aHFoXzB1UFNXa0RTYXRZVHc?oc=5,2026-01-27 13:00:00,Daily Nation,"Ruto appoints Issack Hassan, Katwa Kigen among 15 new Court of Appeal judges Daily Nation",2025-01-04
Ida Odinga: Why I have accepted Ruto's job - Daily Nation,https://news.google.com/rss/articles/CBMijwFBVV95cUxPdlByd21ENk1wTTBrdnJjSGpBNmRFVFl0WXdGZDM0V2duZ2l6Z3k4Z1FpT0hFdnVvN1lWSGNYRU55aEFVR2I1YXE3UHgxRkpETlVIVE0zWTBHZ2pmTGl2Skh1b1Jwc2FSbVZLejRmUlZaOHc1X042LTZITmVTaHo4d1VRQTM4OFdTdHlXOXZLQQ?oc=5,2026-01-25 22:11:36,Daily Nation,Ida Odinga: Why I have accepted Ruto's job Daily Nation,2025-01-04
How IEBC decision to defer boundaries review will affect 2027 polls - Daily Nation,https://news.google.com/rss/articles/CBMirAFBVV95cUxPdi1mUGxzd0dfOVRWelN6TTBzenlhbEItTi1FSWcxSWw0aG1pUnpMUDdWcDY1MGt6RWpLUlN5RDRzNlhwUjdSdkRCX2hvTWZxZk5zZzVDam9BeGp2bTZfVE9sZDgtYnJGV0FpMVpDRFBMT0hFenRMblphSFVDQjFveXBjRTh2RzlFQmQ4QmktTjlQSkcyUlRzUjlRR1lpMXhPamtyTjVMOGpud3hw?oc=5,2026-01-27 17:13:01,Daily Nation,How IEBC decision to defer boundaries review will affect 2027 polls Daily Nation,2025-01-04
Newest billionaire in town? KCB gets nod to acquire Nick Mwendwa firm - Daily Nation,https://news.google.com/rss/articles/CBMiwAFBVV95cUxPWi1YTURidkpHR1Z6dHJ4ekZuMWFXR2tWNHR0YUhpNFdFZ09tcDRTR1dQRGF2ZFRwcEJNZWpIMllRd2NBWnZlY2lzVnlXYVlIdE9rUnZsTzBPMnMxN241RXBmQndyd2cxc2U4amc3bVZoS3ZObjFxY25PR0lZdTZOYjVpNmpMVHh1ME85Y04td1NZZnpGQWgzbFp5MnVjcGJXSzlLcGZvSFBQNTBsZHd3R3g5RU4tVjkxbXRWMEp0LWE?oc=5,2026-01-26 12:33:45,Daily Nation,Newest billionaire in town? KCB gets nod to acquire Nick Mwendwa firm Daily Nation,2025-01-04
Political storm over Rigathi Gachagua attack - Daily Nation,https://news.google.com/rss/articles/CBMimwFBVV95cUxQOGUyRXZjcmdOc3hTWjJBbW9hWmdYVC1ma1RMdUNaY2pKc2dtOVNnZ1l5ZFcxQS1rc0hOWHBDNUlRbGpJOXBRSi1zbXFnSEtzYmFhOXVIVkMwN1dZREVWNjFBcGlGcFI1ZGZzdFpveXN3YlRBaDE0Rk03MFp1cHd6VnctY0RzbnZUVzBTRUM2cHZBT2hRZ2t1Z3N5Yw?oc=5,2026-01-27 03:00:00,Daily Nation,Political storm over Rigathi Gachagua attack Daily Nation,2025-01-04
Russia-Ukraine war: Families of kin killed or injured plead for State help - Daily Nation,https://news.google.com/rss/articles/CBMitAFBVV95cUxPRURRamZ6Mk9RNC1hRHJNcHhUWENfSFNTYmVLMHRhaHI4QVBENWVxcFNSSVo1YW1qNDViV3kwejFTUVd2dHRVLVpkUkFOdjZ6d3I5V0lVVTlYZnpDZGNXY0E1Z1RhaHpPOFJxRnlERURNUndVbVY3Y0ltbUl4SjAzNEl4eENPbFYwdUNhMzh6WmxYOTktUnBLaU9zUXNqTV81LUEySHJVOXMxM3JYbDVZbHRPdEU?oc=5,2026-01-27 18:14:03,Daily Nation,Russia-Ukraine war: Families of kin killed or injured plead for State help Daily Nation,2025-01-04
‘Upcountry matters’: Sharon Oyoko’s bid to reshape LSK representation - Daily Nation,https://news.google.com/rss/articles/CBMitgFBVV95cUxNUVljVmNwTzNMOWxuZExyN2ZQblp2bHM4U2FvcHlVOTZ5OUdGclF1ekRsVmtPWFczOWdHRWp5SW9TRTRObnc5Z0VfREJvUnR0QXlPV2RVQm5sWkMtandQek4wWk8tY2xndU5sX0pMbGtmLW9JczdaNHdicG42c1NIRDNmRmJaZ0hzNDR1MmRKT3VXSENrTFZJazhUT2tmaHpzTnFkWkFCb3d5R1Q0VzhaV2F5blJtdw?oc=5,2026-01-27 10:00:00,Daily Nation,‘Upcountry matters’: Sharon Oyoko’s bid to reshape LSK representation Daily Nation,2025-01-04
Profiles of Court of Appeal judge nominees and tough JSC questions they faced - Daily Nation,https://news.google.com/rss/articles/CBMiugFBVV95cUxQeWNBTmVrQ1NlXzdsX0ZqUnBPbVZSaFF1S21lZkdIZ2RTZnpnU1ptb1R6OE42bWJicjNzT3RLQjZDQTdCRW5DVXVRUV9OY2pyTkpCZU5pa09uaEZQTWVVWU1JZy1STUFTYlJHUkwxMlRBZEZSRFZzVEJjTU83MTR4QTFjclUzN3RhMmxKTU8yNXBSYWJQNUlGcVliRkZZMmJBT1lGRVhsZldBQTdfbEJKQ3NzeElMTC1Ob0E?oc=5,2026-01-25 03:00:00,Daily Nation,Profiles of Court of Appeal judge nominees and tough JSC questions they faced Daily Nation,2025-01-04
"Elite capture, underdevelopment of Kenya - Daily Nation",https://news.google.com/rss/articles/CBMingFBVV95cUxNRm1FcEVGM2Z3cjNvWERVc0tER1k2WDJJYlphQ0NGWExCeDJLN3gweGsyVFA2bjVNeDRnUkdxTlVIRzBzMmViMzJYOXVKOExlczNUZndwX2N2WmZWb3o0YnVSZ1dlVldmeklMNTVuX1hwWmlGVmFDaTl6ZUxnRmxTUGFCNjlIMmtoUHUzbFhMLWhjZmYwZXcyVFctRWhoQQ?oc=5,2026-01-24 21:00:00,Daily Nation,"Elite capture, underdevelopment of Kenya Daily Nation",2025-01-04
Decoding Ruto's chess game: What Ida Odinga pick as envoy means - Daily Nation,https://news.google.com/rss/articles/CBMirgFBVV95cUxNWVl6TVIxWmVISE9Vb2doQXI5bVFnREdzS3NrenVSTkxMdER0TEZtZlhKdzNzd1hHTlFXUVpIZG5EdzllUFJyNHhCd1BjaDEzT1B4aUxSUndwbldaVzNTYWRWSm5OMkxCdGM3MjhSTUhLUFlUWXJlWlJWV3BZSXg1MWlNQXJBczNrcGZVb2JvU2ZpLWVKT3VYTDhLOEZ6bUJ5cnpLcHpiZXBNaVdzSWc?oc=5,2026-01-24 03:00:00,Daily Nation,Decoding Ruto's chess game: What Ida Odinga pick as envoy means Daily Nation,2025-01-04
"Attorney-General, PSC race to save Ruto advisers - Daily Nation",https://news.google.com/rss/articles/CBMikgFBVV95cUxORk1GOWYySUFhLWk3R0Ffd3dyUmJFTU11dVcxOGJXdENsU28tOHJPRmQ5RTJsMmRGTmNsbkhHYktaa0doUzI0RERiTnBzTnFQOUYzZktJTU9kdWxQbk5mYklyb2FwdkxaaUlsVkRIdkJaQWlmTG45SUhRcnBTMDF6RFhMcFdiUHVPVm5qa1JfeFR0QQ?oc=5,2026-01-23 18:23:23,Daily Nation,"Attorney-General, PSC race to save Ruto advisers Daily Nation",2025-01-04
Prof Okumu named Kenyatta University Acting VC as Prof Wainaina exits - Daily Nation,https://news.google.com/rss/articles/CBMivAFBVV95cUxPYTNGQTIxU2ZaYktjS204R3Z3VWE0Nmd1MG8wcWZqal9hb2stVzhEVkE3U3B1Q3NLVmdhQ25EQVMxaHlwNmRxMGxUdldRTFYxdmpHaWd3aFVOMVZNWUVtU3RhTjhBTEpCYWxDLU5STndqVjFuOV9ValNqZ3ZPWVBqTTlPLXQ1emw2enZuUVBLSTRoWmJsSjVtWDctYWxwT2hudlhzTnVzLXZLaDhCYWJJZUdJa20yWkVXaGNZaA?oc=5,2026-01-23 17:06:49,Daily Nation,Prof Okumu named Kenyatta University Acting VC as Prof Wainaina exits Daily Nation,2025-01-04
"Mamdani’s bombshell book explodes Yoweri Museveni, Idi Amin myths - Daily Nation",https://news.google.com/rss/articles/CBMitgFBVV95cUxPVzZBM1F5NDdMdHhVOExCNkdaTmptdk9COEk5M3U3VldKdTU5cjVQUmVvM3N6ODgtQUpMN2wtR2ktNktFbGkyNlZxVWlMNGM0bXFIdGp4WTViNWdlZ0dDeUJ4NjFWU2ZJV054cWljMnZKU2xOUWtIc2VhQjF0TEtObzRkY0VaMXVIdklhaUFhOHNXanktVVhDMVptZVRVbVBYUjJtbHE3YmVESTNjcVhrakFNd0hyZw?oc=5,2026-01-25 10:56:39,Daily Nation,"Mamdani’s bombshell book explodes Yoweri Museveni, Idi Amin myths Daily Nation",2025-01-04
"Gathoni Wamuchomba, the erratic trumpeter - Daily Nation",https://news.google.com/rss/articles/CBMilgFBVV95cUxNSEYxWnhRbmtCek91RWw2TFYwVzhCaUNaM2EzSjdlMnhRR0hGeU0za21ISGdJMDBRck9xTGw4b0ZKaVZURjJIUHBoVWZSNlBsbWFNTUZyWDVpcnF2OHNIQ0FaamJUdUE3bTIzQ3lrakZYVkZseS1aeElMLXB5LVlxUG1WOXJGdzhmd0JralFKUDdQMEVPNGc?oc=5,2026-01-25 03:00:00,Daily Nation,"Gathoni Wamuchomba, the erratic trumpeter Daily Nation",2025-01-04
"I’ll win 3 million votes in ODM pact, says President Ruto - Daily Nation",https://news.google.com/rss/articles/CBMiqgFBVV95cUxPT2J2Mlp5MlZSWnpVallFV0Zhbi1sUDJ5OWJqbTdyc1h1dTl3N2M3NFE1VHBpTlE1U0xTLTRMWGdJdlg1WklpcnlUeUtQSm9vSVI4bnBfOUNJUHJPYVlfU0k1d2tXYUtUdm40ZEJBRU80WThBeDlKbFlUalVvYUM0NTRVS3BWMkdoM3NmUVdyN0d4dTBlUjBicURrVkZKM2JQcTZicUtCOUJvdw?oc=5,2026-01-27 03:00:00,Daily Nation,"I’ll win 3 million votes in ODM pact, says President Ruto Daily Nation",2025-01-04
"Faith Kipyegon, Nike partner to build Sh30m maternity wing at her Kuresoi birthplace - Daily Nation",https://news.google.com/rss/articles/CBMi0gFBVV95cUxOTmZzRDhkSk9HUWd4a0dkY2xSM0ExUFpIdWktRVBJLVBrb1NDMXgtM2VqU2ZPTjBpbERMUm5TaXFidFctdnhwR0EyWHVJNTNPbEx3SFZjU0RWT3RpZE00elhRa1hLZ0VDWlRXQnYyTF9ncmp1aUQ4bmw2VWtGeGJZNDVpWkw5eEpwVENWUEZJR3E2QWJ5X3JYSWJlQ2E4bXNkQVNsUWE0ZEYwcFVjT1JoY2h4RXYyOW5GNlpNSlNDWjRod0QtRzZTaWl4eGVNaXpkMHc?oc=5,2026-01-27 13:33:14,Daily Nation,"Faith Kipyegon, Nike partner to build Sh30m maternity wing at her Kuresoi birthplace Daily Nation",2025-01-04
"Senators question new county accounting system, warn of fraud loopholes - Daily Nation",https://news.google.com/rss/articles/CBMitgFBVV95cUxPMVY1ODIwNjA3VjJMU216RzhlcDZnd1l5SzJqWmJYeVdRTkh1UGxCcUp4S00yT0hkNFh2dHc1ckhmZHdqZ2dvbG8weENEMjh0Uk1WaDdkMElYTzNzOEpQbFRvaTFKR3ktMGFEcmV4cVRwOFpXUTFPY1hUbkkxek5wRmJUUjhXTnlVY0RSQ2s2bXJoZklINmxZUnBoQ2FPbmp3X0E4bUF5SjhPTnBPUjdCU09FdFB6UQ?oc=5,2026-01-27 11:10:49,Daily Nation,"Senators question new county accounting system, warn of fraud loopholes Daily Nation",2025-01-04
"Court allows police to detain Turkish nationals Elsek Osman, Gokmen Sandikci in terrorism financing probe - Daily Nation",https://news.google.com/rss/articles/CBMi7wFBVV95cUxPY2JWUHplejBVZ243ajJwWTVJNnVKNFIteWJvU090anVFZGVwdWRPS0pYTktWUi1CSEI2LVc1UjF2c3dCREVNRmF3OENTV0VzallvRXBINFMxWWR0bUtONmRoeGNjeDBybjBLOC1saUZGWS0zZ2lGVzhsbEl4YkZta21wZGJtQ1F2OFdlVzR3M2VFMVRhNDVYN3dsbWVKZ0tDSVctR09IWk1MQjBMM2V0SllGelZRSFlIUG1sUE94UWlUUUF6TWlwbTE2OTU1T3FmSWRjME14bnhJYTFtT3B3WWlnckpLaXJkT3hLMlNiaw?oc=5,2026-01-27 14:18:03,Daily Nation,"Court allows police to detain Turkish nationals Elsek Osman, Gokmen Sandikci in terrorism financing probe Daily Nation",2025-01-04
"Premarital counselling favours men, critics say - Daily Nation",https://news.google.com/rss/articles/CBMiwgFBVV95cUxQUnh5NWt1a1QxVS1uWmctTl9ienBkM05kYUVreko3MEM5RzNNc0o2YkVuN3JYQzNXOFFGQUxYOTJpNklmWlFBeTdKNDAySzBIOEdnelNYYm5GY0tqRExUbUg5Um9uMzVTanFHLW1fSE1WN0c0Vzk5OE5QTFZzc3B6RERsaFJTdU01bUNIMlQ0NUNQNDd3LTB2UTBlVUd6NVNTMmFKQUx1Wk96UjhpeGFfcFZLS3lCSzhTSDlSTEVvMUpTUQ?oc=5,2026-01-24 03:00:00,Daily Nation,"Premarital counselling favours men, critics say Daily Nation",2025-01-04
"Uproar over Machakos County’s bid to drain Tala Dam, convert it to bus terminus - Daily Nation",https://news.google.com/rss/articles/CBMizAFBVV95cUxOY1BsUEVhc0dzSjFySWpZQWlvanBncUw5VHprZFdsY1BERl9taHVSaWltUjJpWlUtS2ZtcnJuTFZmQ0hfdFNZalJvRTVCUHhCRzc4dFh2bUY0WGdQaEo2T1BSNGdRZUZESElXd0tOdnFwNFE4aDVqRXgzc2YzeGlfVGl3d2ZkSWUyQjR2X3FkbzR0VTVYYnUtRnM5cHRQWk5lbno3cUxLaGx5RF96c0l5LU1KRVZEbFBJVWdOZVUwLU9aaTVrOVRCSmxPSVA?oc=5,2026-01-22 03:00:00,Daily Nation,"Uproar over Machakos County’s bid to drain Tala Dam, convert it to bus terminus Daily Nation",2025-01-04
State to increase funding for primary school education - Daily Nation,https://news.google.com/rss/articles/CBMiqAFBVV95cUxQQkNTMGp3M2NpbmxIUDJQZXJpVjFWV0JobmZ3UnBIWndDMUJId0pKRXBYSmZxTFJQSHB0U3c1aHdEV202X2FxX3gwRFZZeHdxOEJSTWVqWmxfVWdKQjhOZDlMWmczZWJqODNETXMyeTk3blhZLVAtdkxHUUppbTJLTnlRZjhkUW00eFpPOHZoVXZMYTJQUlhiUUVIakZUTXcyMVAzR3pHOWQ?oc=5,2026-01-27 03:00:00,Daily Nation,State to increase funding for primary school education Daily Nation,2025-01-04
Death days before US return: 10 things we know about siblings who died in Gilgil crash - Daily Nation,https://news.google.com/rss/articles/CBMixAFBVV95cUxNLTRZNUhiaVZBN3puX0VJOXFwSGdhZG9oV2ZFTERDQ2lvYnpBY21iM056T25IUV9yY0VBZ0hBcVh1OGxqUXBTU3JsLXB2YUpsWE45dUp3ZVpSb25pOTdzY0ZMM0hEdGt6VnBhaUpmTVBfVGxZSmllR3RlTkd4blBQVUV3S0lHZnBqYWFEZnR3Z21CZXEyN2FUVXVNWUloYnBBLWhZSXI4RkxsUmRfUGVVV3VxamdmNHB4eWpRaUNIVHdWSU9a?oc=5,2026-01-23 03:00:00,Daily Nation,Death days before US return: 10 things we know about siblings who died in Gilgil crash Daily Nation,2025-01-04
From D+ to B-: Mother of 2 revives nursing dream after 15-year pause - Daily Nation,https://news.google.com/rss/articles/CBMiqgFBVV95cUxPTTlYTl82RjlqVlkzQkNOeXVpNWtZYWgtVVhra2JTUWNGSlZpYkZ3NkVMZGgzMjNPU054alE4ZWhmbEVaLUVONFVLb01HLVA4NmtYNlI3clhISGpCVGlzb29FMUdEekFWTld0TnZxY2gwRVczT1c3OUhMZVk1NkswV05UZXhHY0dfRFgxXzF1VUdDdjBFemVhc3hFSXZDN29RLUVzdXRLSWx5dw?oc=5,2026-01-27 03:00:00,Daily Nation,From D+ to B-: Mother of 2 revives nursing dream after 15-year pause Daily Nation,2025-01-04
Start-up trying to make a mark through crafting healthy foods - Daily Nation,https://news.google.com/rss/articles/CBMiugFBVV95cUxQeWUtT0lpY1VUMVhrdmJXVXZVU1JlS1A2bnNLa0pUa1psM3dqc1FDbUNZUmNLdU91d1ZsUzVtQUNqNURiYk9RTldnZTd1ejZQeUFlb2Uyalp1Z0dsVnBFaGJ1b2JKWXZoT1M2Q0lxTUNOYm5HZmgwR2psLWJ4dUxNeThub3Zhc29SQ1V4c29fN2tNdHd2d0RnVzA3NDM2VWZxRThOQ2FMNlRZTjYySzRNUnBPMFdNZ24xU0E?oc=5,2026-01-27 10:00:00,Daily Nation,Start-up trying to make a mark through crafting healthy foods Daily Nation,2025-01-04
11 men and women who could influence Ruto’s 2027 Mt Kenya plan - Daily Nation,https://news.google.com/rss/articles/CBMisgFBVV95cUxNZ2luclpPQWM4dTB4VHhLZEZ4UkxNREZVaDVOUnVnejR5dGZaaFhRTkJmLW9sbTFxMkVxTHdycTUwMHNkSHo4NWNVTXdfc3JfSTRmenFjamJLdGhnWU55azNNS05mTlNxOUpzNk9laFYyN0I2NjhxRHBtVW8xaWVaelhYVVBjZ1FqVE83TUprcHBGS2pzVVlydU5JaG5sREkxWkwwQUJyU251em5Uek5XNjN3?oc=5,2026-01-25 03:00:00,Daily Nation,11 men and women who could influence Ruto’s 2027 Mt Kenya plan Daily Nation,2025-01-04
Health CS Aden Duale: UHC workers to get permanent jobs from July - Daily Nation,https://news.google.com/rss/articles/CBMiqwFBVV95cUxNUExsbTNCVzI0cnFhZi1JWVlsNlNiQUxIeHBZTERUN1kxczIxM2VFRG8wSFg2azhrWDdCRERhMHZpSHU2OXd3aG95WlZFTk1FZGgwMzRCWW93N3czTDIzNXR3cXFxTE54TXNlNEM3eVpJUkloZzlqZ1ZGRmtSaWxGeElRTDdwSW4zZk95Y21QTDhmdGpMZ3NQUTdoTGV3TlVDSDZwSWMyRVp3dm8?oc=5,2026-01-27 16:51:28,Daily Nation,Health CS Aden Duale: UHC workers to get permanent jobs from July Daily Nation,2025-01-04
'Mystery' sponsor leaves 16 needy Kisumu students stranded - Daily Nation,https://news.google.com/rss/articles/CBMirAFBVV95cUxQVUNOdHB3RTNzcmRMaDlBSV9LV1gwNUJxQWVqa1E3UV9zVUNXUXp3UmxEdzdFM3VQYWFMRWZEaVluYUZldk85Tl80Z3ZYTEFYUklKMlRpMEtsU1pZNGRlQ2xBNjJ1ZDRKbFVzcFZIRk9DcmpObVBra1dqZlpmNTFUS2dYT3NYS3BkbXpqbWZDWm9nNjhyZ2FpbENudi1FSGt4MW1xeURNWkJMb2c2?oc=5,2026-01-21 12:53:37,Daily Nation,'Mystery' sponsor leaves 16 needy Kisumu students stranded Daily Nation,2025-01-04
Karatina police shooting: Sleuths probe possible personal ties - Daily Nation,https://news.google.com/rss/articles/CBMisgFBVV95cUxPM191YWNDMk5BeHdoWFFYNTFXQ1N3QlQ1SXd3OUc0akhCcWVob20tVnJiYmlJY0tfZVBmaC0zc29yWjFuUEhSdnhaSkdRaG5DSXgzalZJU0xNb0w3RG5LeFByRHN3RTdKMXBjWkU0eDM3ejg4NktXNVhGbnJzSGRocUgwa1hmOFF6M243Njk0dElsa2RHcjBzSTJKUEJVd3BrZlk2Zm5RQXg4OFY4S2R1QnNB?oc=5,2026-01-22 07:00:00,Daily Nation,Karatina police shooting: Sleuths probe possible personal ties Daily Nation,2025-01-04
Sakaja risks six-month jail term over staff CBA - Daily Nation,https://news.google.com/rss/articles/CBMiogFBVV95cUxPRENVMzNIU1pWaDFVNnItRlRxNUNOaEMzc1VLVDd3eE91dVVvdDJHSVRqVWNIWW5VbWJXTHVNNEFMSERxcXlGRlpFenUzU3hPSzlHc1p1NUZ2eThKYTl5RlF2MlptaC01MFd2MkZKTHR4dzlHX2h3UjBGcnBRd0Y5dmRILXh0VTd5QnEzSmEtMDNELVFkQk5DYkZyd2VHeXhWcWc?oc=5,2026-01-26 12:55:47,Daily Nation,Sakaja risks six-month jail term over staff CBA Daily Nation,2025-01-04
"Mombasa port fully prepared for Turkana oil exports, KPA tells MPs - Daily Nation",https://news.google.com/rss/articles/CBMirwFBVV95cUxQVHY5NmZDN05RU0VoQmUtQ0N2dUdhRXBGVkZaY25mMzZMalBvc0wwb1Q5V1hoR1F5QkRiVEk4ZEFjTnJwZEJrMVl3TnBkS1IwZ2N3RXB3M1J5a2hRVzAwVzlscjhzS3RkVk1jdVhhVW8wLWRJSFpBZS00Nmx4OTFZTUxxWWVzYVdMNkoxaUZ1cEU3YzgxX1VHRHhwbzIzR2l0c1gwdXRnS3N6SlE5c3o0?oc=5,2026-01-26 10:06:08,Daily Nation,"Mombasa port fully prepared for Turkana oil exports, KPA tells MPs Daily Nation",2025-01-04
Matiang’i: Murkomen office break-in was an inside job - Daily Nation,https://news.google.com/rss/articles/CBMipAFBVV95cUxPTnpBRjd5dTB2WFlyMGRYRi1tZFZRaUZ5QkEybzFfQURjWGowWlpDNzh1QVVMMHR2RnJNU0FHdy04UmVKNUQ1WFJjQWktQlBIRUl4QWVVejM5TVp5b0lFSUs1X0ItZVdFZDBHamFESHFTc2Y2WG5oaWh4VklNa3o1SVN1R0tYRXN4bFlST3M0Y1NuM1FSOTlIUWFHVFpDeFNZQjBPQg?oc=5,2026-01-26 10:33:26,Daily Nation,Matiang’i: Murkomen office break-in was an inside job Daily Nation,2025-01-04
Guinness World Records confirms Truphena Muthoni's title - Daily Nation,https://news.google.com/rss/articles/CBMiqwFBVV95cUxOSERhNDQtWWtNZXliVllQdVotMm5qbE5NYjFxMDN2WUNEbk5ZQ2FLd2pKZlFnb1ZiNTJPY29BSDdkOGdBMkl4Yko1OURVNXZZejhpV3F6UU1RZTkwUHBHOUdSaFZGcDB3dU5ldjZpb1EwRjFVRGtJeUVjZjBpbTc2cVhmR1A4aDl1ZkRNaFMxczFYQlhTVEROUjh6MkhRb3ltZV92WTU0WDFxb2c?oc=5,2026-01-26 14:19:37,Daily Nation,Guinness World Records confirms Truphena Muthoni's title Daily Nation,2025-01-04
Oburu vs Winnie: Echoes of the past in the divided house of Jaramogi - Daily Nation,https://news.google.com/rss/articles/CBMiuAFBVV95cUxQeUU0MHZZMWFNQTRHQmE0NWR3YnVZUmJjNmx6bXRCSHBmaWh5QjQ1bG15LTZPMGxlcHVDSl9mS1p0UGtidW5BZFF0UHRQOTFKTVpVVHpOWG91ZTAydXhBdTk1Vm93MFZ1bGVKTjdZcjZ3RllWOGJldDB2UG5Fb3Bac2lPSzBLLVBrNm4zZzI0YzJ2eGdUTzJ5T1dZemZyUi1qTnJEZzFmUVdHZ2tSa2RwR1RxTlN1MEJ2?oc=5,2026-01-25 03:15:00,Daily Nation,Oburu vs Winnie: Echoes of the past in the divided house of Jaramogi Daily Nation,2025-01-04
"UDA proposes pension scheme for governors, MCAs - Daily Nation",https://news.google.com/rss/articles/CBMinAFBVV95cUxQR0VhZ2gycHE2MGVJV2d1T1NIcktLYURGSmZUaDAyalZNdmNoTmZUOVFLeURHWVJsazBkWnJ0bnJwZVhEOHZoUHQwSTMzSl8xeTFFOUxRdkdmVElFUV84WHlGLURlUExqUU04OGJvWXVfcUZIR09jRlFEQ1ZmRERXSUZhemRnQld0SGZYblFTaG9CcFVsRFlVMFJIb3M?oc=5,2026-01-26 16:55:08,Daily Nation,"UDA proposes pension scheme for governors, MCAs Daily Nation",2025-01-04
JSC unveils 15 to take up Court of Appeal judge slots - Daily Nation,https://news.google.com/rss/articles/CBMimgFBVV95cUxQSTJGbGtXMHFjN0g5ZENjcHRVOUpkM2haeV9MUGpTNE92MHhjRkc0OWV5bjE0SjhIVFpxTS1oSUJXdFZadUJXY1B0Q3NyRlhQZmRRSFgwT1czTDlzU0huNkt4TFJnYmxkODdkZXpDWlhFamxOZS1lamVoWnJYZXExUVJvV3JpMm10V05tZ3g3VWdzSHc1bG91VEZ3?oc=5,2026-01-22 17:08:38,Daily Nation,JSC unveils 15 to take up Court of Appeal judge slots Daily Nation,2025-01-04
"South Sudan orders UN personnel, civilians to leave parts of Jonglei State - Daily Nation",https://news.google.com/rss/articles/CBMivgFBVV95cUxPNmVuZURIM2RYRGdkY2x1azIzVlZvalNXdXhoT3Y1MENXX01laldJamNsQlh4alhxY2ZNekF5YXBBdTB4bFFNcEZEV3hPNVU2VXhvT1FjUHpiU3FTN3d1UmVTV2xKR0NpN3BrOWdQeFRiT0NVYno0X3UzZkV0SnNYRVhHaDNQcXo3RVRjVFY0S3lDVTNJQ05zUXpFY0JpY1VJSkpXZ2VCWDdpaDRJaWlIVURLdUszVFp2NUxGTkR3?oc=5,2026-01-26 09:15:20,Daily Nation,"South Sudan orders UN personnel, civilians to leave parts of Jonglei State Daily Nation",2025-01-04
Tear gas and bullets: Why violence is a hallmark of Kenyan policing - Daily Nation,https://news.google.com/rss/articles/CBMiugFBVV95cUxQLWk2UTh1SEIxTWxaOHE2WVUzb19jTWp2MmRmM2lMQi1DbDJNNWRUZnRGLUVpdGNNOXZZRXJyUWc4N3NvQ3diWVVwQlNQa0RlcGM1NHJHU29vOU5VcXh5X2JCQ09xY1VLaTZvSFgzUWJyY041ck94eDlwa0NaLVVyUExISHN1dzVjNVdGNFB5V2RIOElIRmFMakIwSWIxXzBWdFUyX2ZvTHBNMFJ1S01RTnQ3SmdfWU5waEE?oc=5,2026-01-26 08:25:38,Daily Nation,Tear gas and bullets: Why violence is a hallmark of Kenyan policing Daily Nation,2025-01-04
Police officers accused of killing man in Mukuru held for 3 more days - Daily Nation,https://news.google.com/rss/articles/CBMirwFBVV95cUxQU2lmMnV6VU5mc0hDd1J5QUFldFpjZmxmU0VXSDNUZDhmNjJnRHllakQ4SlZ1dTRvYVZlNzNkN1h3NnM5MHhWdEI1am5nYllPYUM1N2hTUnlGOG9rVXBXSHhjbDVHa3FWdG5CaTVZbXhldTBIOUZyVlFuaG5XdDAyRGctaEVUUm9abVNCcDhDMEpWNmVmeXZNbTBfaV9laUw2Y0wtRmV5WDBnQlNGakNj?oc=5,2026-01-26 18:21:17,Daily Nation,Police officers accused of killing man in Mukuru held for 3 more days Daily Nation,2025-01-04
3 warders jailed for aiding escape of terrorists from Kamiti Prison - Daily Nation,https://news.google.com/rss/articles/CBMirAFBVV95cUxPMTJiem9SQXVsRHZNZGhrTGRVRlQyOHRKM3B5bWtDTkJMOXMteG81X0VXU3dFTWU2MWxPdGRLcm92ZUNaT1NKdG9VX2hwYnNRNWtBVlNOQ2tnZkMzN3oxb1UzWTFEcHQ3YjlpYWlhTExqUklGTUNJN2pOa25Rd2pPRldORHBra0wwRkxfVHZQdjBuLUVfU3ZPc3VYQkExRUJPVG05Zy1fVkpDYmxD?oc=5,2026-01-26 17:12:18,Daily Nation,3 warders jailed for aiding escape of terrorists from Kamiti Prison Daily Nation,2025-01-04
National schools’ low intake of Grade 10 learners reveals gaps - Daily Nation,https://news.google.com/rss/articles/CBMisgFBVV95cUxQR1NBeDdEUXhKV2hNR0ZJc1lFTEdBa1NUOUlnMG15Zk5idEVKdXNrU1BpbEhyQmZYVUlMdG9GYXlJUjBxcEVxUDY2ZEN6ZERISDdsc1N4OHBHRWhWVEdRSGZDSU4wQXRsNE53bGpoQWp2V3RBLXVhRTNtaHpiX2czbkVWMGpPSUk0RHg4TXRmMERNMGd6ZjlVbDJWUnc1ZEd1eVhVc3RTblZkWFZoVi14Q2VB?oc=5,2026-01-26 05:31:17,Daily Nation,National schools’ low intake of Grade 10 learners reveals gaps Daily Nation,2025-01-04
Machakos County to merge six water companies amid losses - Daily Nation,https://news.google.com/rss/articles/CBMirwFBVV95cUxNOENSX0tMZ2tzdF82c0R3MEo5ZmI2TTI2Q0ttRnl6YzdxQm1fOU1HNk40QTAyQ3YwT0FlMnJna203SEhfN0dZWnRySGtqZXNvN3Z3TG82ZDhVckFqTWhDekU0UC1JcGVXSHdmR0dOMkVzSUlyMXBYdmpIVkNxR0psV2xMWVh4NEMyOExpVnFrdVIzTkhlMnMxYzNvQ2Z1UTFTLW94aXBSVXZFTUxuWFYw?oc=5,2026-01-26 13:02:45,Daily Nation,Machakos County to merge six water companies amid losses Daily Nation,2025-01-04
Act now to save this generation of learners - Daily Nation,https://news.google.com/rss/articles/CBMiogFBVV95cUxNSEtDWnpGbExoRmJEZzJTLWFkYjVGa21QYnV1cUJyYlhwNVB3Y0tzc2w1dXNEaGV4Zlp1bXpIOHhqWlNLS2U3c3pBalVqcGVVNkg5clU1Z0VhQ195bDFlWFBndFZTS3psRW8xVmFJMEtJdnZWVGtqQVJ1T2FIYU1lakI0b1R2ejBNbWQ3SW1FTGE0dzlHQ3UxWGRFUDEzem16aGc?oc=5,2026-01-20 21:00:00,Daily Nation,Act now to save this generation of learners Daily Nation,2025-01-04
High Court halts construction of Sh11bn Riruta-Lenana-Ngong rail - Daily Nation,https://news.google.com/rss/articles/CBMiqAFBVV95cUxPMzBhcERRZjRJVHFkMXhuWjBYX1I4M2FiX2xHOHhVWG1UT3phUzdHbEY3OG9nZ3d6MktJdXoyaTJUN29LVnlSS0E4ekV3T1hEUTBBR3hGTFZoU3FKeFhoOHozWXNXUHRMeVBlbXVHNVZueDA5Q3M0b1VYWUlWX0Ewdkg2SUZpQkJrV2pPOEI1aDI3SVJQUGNZZFFhMnI4UGhKMS1BYm9EcXU?oc=5,2026-01-20 11:32:45,Daily Nation,High Court halts construction of Sh11bn Riruta-Lenana-Ngong rail Daily Nation,2025-01-04
The path for women's groups to qualify for KPC shares - Daily Nation,https://news.google.com/rss/articles/CBMiowFBVV95cUxOYndSM01acU1hQlBtWUpsZWUxUU8wQVRlUE5CSzREZVhFbnk4cmtUTVRkeXRKTGhRMFFsT2hsSUhWR0pldW8tMzVqdHZpckllWHlURzhKdmQtcXA5eFhQX1pWOEZvOFJPcUZvOE5mcEZSVnprRkdoWFRaWnNXQ1pNTDd4OFpEaVpUcXZFVEFjTXdvbDhMZVEwMWs4bXFQQm1ra0RN?oc=5,2026-01-26 10:00:00,Daily Nation,The path for women's groups to qualify for KPC shares Daily Nation,2025-01-04
Teacher and chief killed in night Al-Shabaab attack in Garissa - Daily Nation,https://news.google.com/rss/articles/CBMitgFBVV95cUxOcWswUmV3N3c4Q3E5VGRaMERrQ0ctVkJEYlY5R25zajNPa1Q5VEJVOHhObW4xU0RlRDRMVl96c2g0XzFRdDNwbU1QQ3ktbUszM0ZnUEtDNWtaRE12bTNKYkh3cmtERDVMWjFvRml6d09HSlV2X3VGcHFNUTdsaGk3UXlaOHNnRlg0Q2EyTmJjLWktYW5TM0p2OC1vLVdMSTJ5b0QxY2tOZDFzWFptU3ZuY3IxWVo0QQ?oc=5,2026-01-26 10:29:29,Daily Nation,Teacher and chief killed in night Al-Shabaab attack in Garissa Daily Nation,2025-01-04
Cervical cancer while pregnant: Can you carry a baby to term? - Daily Nation,https://news.google.com/rss/articles/CBMisAFBVV95cUxQVDhVUFpnYngtNHgtODlfMk9XeEZnMmlDcS1qVnVYUW0zenRfeGVndlV6ZEhjbkNSbWxmNC1vUVVDbF91OVRTbjhlZXNoaEVkSTNfYjhWNjk0Ty1KeWVKR2lRQnhzZE1ldkZWZWJKT2JvU2N0ajUxNXNrX0RVZk96WnpSd2d3R0ctUjk1OEZDb2QxOXcxZGtYU3pXcFRjLWZpcEJVMW0wTEFOUnI2WTN1NQ?oc=5,2026-01-26 10:36:42,Daily Nation,Cervical cancer while pregnant: Can you carry a baby to term? Daily Nation,2025-01-04
"Grade 10 textbooks distribution delayed by Sh11bn debt, says CS Ogamba - Daily Nation",https://news.google.com/rss/articles/CBMivAFBVV95cUxOWWFmM05SNGNtVF9RZUc3a0FvU1FmMmNvQ1BmNGNGRDhhamJCU3JWY054NDkwaTRMSGRDY3F6cGxtVWZtQ1NTOFd4SGNvTWN0bzM4Q0hIQ1lXVnZPdW16b0RBNG0tNzd1TmE0MElvWFRRLVZleDhUS2JwUDlVMWQzTXQxMzNtY3VzN1htMHFSREdJSE1pV2R3MUZuRzVRdjkzTERyb0JhazdqZXFqVG9IbklzMi1nenNqVUdTVg?oc=5,2026-01-26 08:00:00,Daily Nation,"Grade 10 textbooks distribution delayed by Sh11bn debt, says CS Ogamba Daily Nation",2025-01-04
'We feel blamed': What men really think about misogyny prevention - Daily Nation,https://news.google.com/rss/articles/CBMisAFBVV95cUxNam1yMzJiQXktTGpQUXBzTVFJLXNLT0JiTGtNQjhnVDBuYUlENXVmRk5tSVJPaTJsMXN5TnRFR0tlcVpmQmlNZXVSSDRUQl85aFM1ZTc3anhXSlB0c2ZVVi1tOTJpV1JQY0FhVk9hUUFhYk03eER5a1pGU1ZQdTU0WWpBaHpkdmt0a1B3S0ZSTmtva3BkalJGN1diZm1acUtDUlQyT3BNRVE0dGp0VVJlaw?oc=5,2026-01-26 03:00:00,Daily Nation,'We feel blamed': What men really think about misogyny prevention Daily Nation,2025-01-04
Kabras coach Carlos Katywa closes in on 50-match unbeaten run in Kenyan rugby - Daily Nation,https://news.google.com/rss/articles/CBMisAFBVV95cUxOWVBxdFFmMHJLekUzVjI2T2pFeFkyQUFYY2dJNk0wb3JEdzQtdi1NeWt6aGdTbV83Z1pxeFpWZ1B3cEh2d1pfOTdZZDdyeHM4eEozOWtDM1Z0YUpiMmRaS192Z0dQSDBwVTQ4bG1aU1FWVmVwZkdWX01Ed054QWpjU0hTWkJaalFLX1ltUzFHSVJYcnZqTWNqWjRFUFkxUkJwWXhOVmlJaEpNRWR3aWwyVw?oc=5,2026-01-26 03:15:00,Daily Nation,Kabras coach Carlos Katywa closes in on 50-match unbeaten run in Kenyan rugby Daily Nation,2025-01-04
Inside ODM’s ‘Linda Ground’ plan to protect party strongholds - Daily Nation,https://news.google.com/rss/articles/CBMirgFBVV95cUxQWEs1RmQwVm5jS20wYllOcUNlZVd1TS1DSExWSS1mVXY3RWhwaTAxRUs1X2F1cXk4dlo2Z1VEbXgwT3o1eHhWYkdLM2FqRjRrUTRnU3ZkcjdRS0JnQVJ0b2JQb3h0T1VpUkRsbEtSNWdJa3pENzVqbWR5RkQ5VTd1RGVTbHFvbmZtMDBpM2llTV9jM0Y0UHRyX2ZnbkUwWi1qZ3piRERqNFZaSFg3R1E?oc=5,2026-01-26 03:00:00,Daily Nation,Inside ODM’s ‘Linda Ground’ plan to protect party strongholds Daily Nation,2025-01-04
Milk deliveries to factories hit record 1bn litres in 2025 - Daily Nation,https://news.google.com/rss/articles/CBMipgFBVV95cUxPcF9DZzQxQzRWcjVyWlJRY3ZiUlIwZlJiWjN5ZUxLTXJMc3d5bzIyZVFFNFBBSjVQVFN0MTdXNkpyOVk5MmUwSWhjRDA4MzJpTnRsWS1yZExHM0RQRlBuVElfM3hvSDMycDJrNF9IYlVlZHZGZVBIVEd1NFItd0Q4UkFDZFI3WVRBdEJjcFNaWUYtTzFkZGxST1UyOVJJM1BpQXpBUEJ3?oc=5,2026-01-26 03:00:00,Daily Nation,Milk deliveries to factories hit record 1bn litres in 2025 Daily Nation,2025-01-04
Treasury considers lowering Inua Jamii qualifying age from 70 to 60 - Daily Nation,https://news.google.com/rss/articles/CBMirAFBVV95cUxNQzV2bDNUYTBua3RCSW50NkVDNHMycUtiWk5pTTQ2ZUthWmVGalRrLUo0ZFFsVEtNVU1ESEpqYkxGcjBXdU1HbDNGUDMtY24wd2s3aE5HR1l3a2tKYTNsVU1TX1A5T2tKUTlOVXlmWTJRS3diNGJOUVctWlpPRmhkdFI1VXllTDQzd3gzdkxTci1Vbk90cGxuZnp4YUxHU3NKTy1JNk5EX1RWQjAy?oc=5,2026-01-26 14:28:28,Daily Nation,Treasury considers lowering Inua Jamii qualifying age from 70 to 60 Daily Nation,2025-01-04
Africa on the back burner in Trump’s first-year scorecard - Daily Nation,https://news.google.com/rss/articles/CBMinAFBVV95cUxQbGtHNVItYmREMGp1cWZwajYweDJkRFoxTHRJbFVLSzBfN0tJbVBNaFczS3FkdTlBXzlzWU5vU3pYYVVkS3oxWTRyeVJ0T1BlNHdMbkg0THNxVGpDelVrNEtnb0l2Sm01X2JGbEZHdlNLRE9MczVBeFZoRzdZM2gwYWhTelVydElpblBWbHBveEpSeU9HTldnUE5oMnI?oc=5,2026-01-25 14:00:00,Daily Nation,Africa on the back burner in Trump’s first-year scorecard Daily Nation,2025-01-04
The legal risks of exposing an ex online - Daily Nation,https://news.google.com/rss/articles/CBMirgFBVV95cUxOcGZEMmdiTTV2MGF0MDczTFA5Yk15U2hjNk5sYWVyN0xLSl9uWUswWGV5bkFYOWpXeVRuV0hyOEo5XzhoMUtkUC1zXzFIdS10bHdrQ2owV0g2djllNGRMVUF0ekpuS2hKZlNEUVFuS3hfN18wTUJYZWRTdkdDb2wxQUJoSXlaZE1xWlA5UDBvQWcyMVFLUi1mWGJiUE1vN2IxU2Q0TElpRjlfRURFQnc?oc=5,2026-01-25 14:00:00,Daily Nation,The legal risks of exposing an ex online Daily Nation,2025-01-04
Shortcut to nowhere: The fleeting promise of Nairobi's luxury weight-loss drugs - Daily Nation,https://news.google.com/rss/articles/CBMivgFBVV95cUxPV00wWkw3c1M5R2ZKWXpDY3o1WjlxMUNBTmRYQ3FxS0FZYThxQ1FZV0p5ek5mYUJUZjQxa2lPRWlndGpFZEtiM1RLUTZWZ0pEck55OXRSTkNqOG5QYXNEY0pkNHJLZ0FRX0c2RXl6SUNmZ1FpVmtLZ3JFcnRsSmd3OVFyNy1DYkZtNmlTaG50OHhVRGRESXA3djJ4eTZoY3FwVkJfSlBaX1l2dEI1SWx5WmU0RDNDQWlleThSYi1R?oc=5,2026-01-22 10:00:00,Daily Nation,Shortcut to nowhere: The fleeting promise of Nairobi's luxury weight-loss drugs Daily Nation,2025-01-04
The Star - the-star.co.ke,https://news.google.com/rss/articles/CBMiQEFVX3lxTE4xUm9TbHNQQVR3QTVQbjZ4cE1zcFNoOU45bGd3ZzR0MUVqYWo5NFUzLU5BZnBWRkJSeWFZUk5adjk?oc=5,2026-01-28 07:36:08,the-star.co.ke,,2025-01-04
King of Kikuyu soul: Wanjine unlocks the formula for streaming success - Daily Nation,https://news.google.com/rss/articles/CBMiwwFBVV95cUxOXzJ6Rjdnd1VwNXlWNDB1empKRzhuZU13UVdVZ3FVTDVQREhNNEFUUVk0dGRBTlJ6d19UajdHcmpjVkdWMFNBSDBzV0RWN0RIeXFubU5HdllSOFlaVVBfRE9UODFEVkJaWUZpSUFjM2c4QTAySnVuTEJYb1dZWTZPUzZlSXpvbnVUUkpfenBhTnF1SFJiQjBQc2FpMXd6VnQ0TXVybVR2eV9IaVBpUmptRlNGZ2tDTWdMMnZ4SmkwSU1tRWs?oc=5,2026-01-25 14:00:00,Daily Nation,King of Kikuyu soul: Wanjine unlocks the formula for streaming success Daily Nation,2025-01-04
'They strangled her': Bobi Wine’s wife hospitalised after brutal military home invasion - Daily Nation,https://news.google.com/rss/articles/CBMizgFBVV95cUxOaVMzTXdfRnZUZUdOY0tvMTViRVVUc0JhV0RWbUdMY1VNMTVjd19ObUx1RFhOMDIyRkpKRXdKZnV3dmVENnVWZHhDVXBoYTBSSlhaQmdIZEIyaWZ6cGVzMDRnOHo2MkxUWUM4Ny1kamN2cjEzR1huMGJQMWdJM2Z6YjhBNUd2RUVaamtTd0MtQmZIemtKR1NVc0ZzMU1wV1dKTENodzNxb1JxdTlPcEFlZXNTeXFvX1hLRVNvSlptbjBMWHVod0R4dzRyeUdadw?oc=5,2026-01-25 09:11:58,Daily Nation,'They strangled her': Bobi Wine’s wife hospitalised after brutal military home invasion Daily Nation,2025-01-04
Kenya U-20 captain Amos Wanjala joins La Liga side Valencia - Daily Nation,https://news.google.com/rss/articles/CBMiqgFBVV95cUxPVjBsdmtPbmNWY0xHLWdRVEpod0NRUG5mRnRWXzN6RFh5dF9UTTVNSEZoWXJRcDNjckotVE9fbWhQSnREeXVrNjNlWW5UQ3ZHR1BpTnp4SjZuOTdSQjdBaVpyVmZ3S0VZRk14ZGpfQkZXOV9VUWxCNlFDVHlIOE1oZS1NLXlPQnN1d25veXN4NUFIRnRjd2lSRERYQklFcmZVU3lrZFNCM1JmUQ?oc=5,2026-01-25 13:10:39,Daily Nation,Kenya U-20 captain Amos Wanjala joins La Liga side Valencia Daily Nation,2025-01-04
"MPs retreat: 2027 elections plans, senior school chaos, and SHA top agenda - Daily Nation",https://news.google.com/rss/articles/CBMivgFBVV95cUxPSVhOX0k2RGUwb1lHWGpMZE9LYlBnMjlOUS15Y2VseUZTY21TWmkxNjJpRmpzd1hVY2xFcjZfR01jVjJNSlpNN0t6U1doX1lrMUJwYk9DT2tlc2RPQUx2SEg3OVRSV1hCblN1WG1yT09aUmhBUDBlTl9lQ3FjTTBWa0R5bkZRZ2dCdmItNXR1RHF2TFhXanhDNkw2aE4yS25hYV9aUG1zQUdmRU9vRTMyNUZJWS1RMjQ1cmdDRVJ3?oc=5,2026-01-25 09:51:40,Daily Nation,"MPs retreat: 2027 elections plans, senior school chaos, and SHA top agenda Daily Nation",2025-01-04
Police lob tear gas at worshippers during Gachagua's church visit - Daily Nation,https://news.google.com/rss/articles/CBMirgFBVV95cUxQWFRKVC13SktUZkxTZ1d1cTJCTlBVTVMzTVFJTmd1SlRrYTJGZU1mQWRBZE94NXVpcnBzdndodU5YM2Z2dllOLVJIM1M2VlBmV3YtR2kzTVEyRk83b2tRYWNKYVF6UHhtTWpnYnFJNDc5dGZkSU8zZW15MlJyalNZdExSTS1McElDZWlxMG80TDRwT2JzNV9YWEJMZTJjelR3WkFsM25yYXR1SU1aRXc?oc=5,2026-01-25 14:21:12,Daily Nation,Police lob tear gas at worshippers during Gachagua's church visit Daily Nation,2025-01-04
"We found church on TikTok: Tales of no offerings, tithes in new gospel - Daily Nation",https://news.google.com/rss/articles/CBMiygFBVV95cUxQM3k0S3VUUTVseGZjSWdFN2Q5V1I0NWRfWTU5UEl3ZTFKV05fcVFVNzJvclhwTjlIb2FqTFFraXVzWlpYc19ySktiNFprMTdxVFIwelMzYlFwOWtuSTRCVG5adlhKZGpEM3g4empJNjN3YXp2T09KMzdhN0RCbGpWb2ZIMEk2bjBjQVZxN3VtQUFVT0ZiNlpjSGZjQ2ZERExhdm1wWm41QjJWa2JUUlk3WjVwVDgyODhJcEZyUEVGS3JqVlV2djNiTHJ3?oc=5,2026-01-25 09:00:00,Daily Nation,"We found church on TikTok: Tales of no offerings, tithes in new gospel Daily Nation",2025-01-04
Solar: The invisible burden of going green - Daily Nation,https://news.google.com/rss/articles/CBMijgFBVV95cUxQOE1RSW9LdnJVWlQ4cVYwSmd0TTBJSkxzOEw4UERvcURtZThWcEdOdVpGNFFXVmp1YnlVakdqXzJqNWVwWDlONXd4enJLb3huTXcxQXJGS1lYZTdIMGVzYVk4ay1sZ19RUWtobWZYdS13RGlXUE1iVGxSM2dyWHdzN012UFY5OEpFSXlTX2t3?oc=5,2026-01-25 15:48:50,Daily Nation,Solar: The invisible burden of going green Daily Nation,2025-01-04
Why bid to remove magistrate in Sh1.3b Loresho land case failed - Daily Nation,https://news.google.com/rss/articles/CBMiqAFBVV95cUxOOENYM0d1MlFYejNpbFhnOGlOQlpXNVMxODFWNTd1Vi1FMDVRQ1gxcFZFN3VaUXhVR1lFalpCU3BPSlVqLTI1SDZ1X1h2d3pLYXhkaTE4bmhoVkk5Z19vb1hfZl9sLW1GS0hQNTRvUmNoNGxzMFhScWM4Y2p0Ny1jQVktN1dEZEtPWlRUM2ExWlZRMXNyVVZNeFFQeDdZQkpidDlGYjJMT2Y?oc=5,2026-01-25 12:38:27,Daily Nation,Why bid to remove magistrate in Sh1.3b Loresho land case failed Daily Nation,2025-01-04
World Bank climate project suspension adds to Governor Nyaribo’s woes - Daily Nation,https://news.google.com/rss/articles/CBMivwFBVV95cUxPYmFBNmxrcTg3VE9tLU1qajhrZnB0Z0xGUTUxZUctVjNfRW9INkgxYUtfencyVHU4ekhDVEJXa0pqYzA0UXpHYzJabS1OMTItLVZmcHlzSk02SDYzbXoxZlByR1JIU201SElqWnZwRXFSaUpvQTA1X1piU204NEVmVDA3c21ERUVPeklFUFNETU5jZlUzVkViLUkwQmhiaUFlOC1KbDVVazJpa29TTWpJSTJ6Wng3aUx3NjgtYWdJYw?oc=5,2026-01-25 10:18:50,Daily Nation,World Bank climate project suspension adds to Governor Nyaribo’s woes Daily Nation,2025-01-04
Double blow: Two judges slam the door on Ezekiel Mutua’s MCSK return - Daily Nation,https://news.google.com/rss/articles/CBMiwAFBVV95cUxQLVRhQ0RzMHF3TVUwY0hFaEstVFNaS1VPVF9Pb0NrN29fRjRxbUZ5MEFjd0FuUjN2VkxzQkgzM1c1RXdkcS0ycGdEcGM5R05XWWZLUnN5WUY3bnlLbW5QbThjRGVXR3daNHhoc3FLdEJWZkd1cWhLaEg0dXZZakJvVEM1ZFlLR19rbVY3WGJJUHYwbktJVG42M1pTd2NTbTkxZFBhdUxuNjVlRXRZVWdsenZWb0ZIcDRrQzN6Z1hOa1I?oc=5,2026-01-25 09:35:28,Daily Nation,Double blow: Two judges slam the door on Ezekiel Mutua’s MCSK return Daily Nation,2025-01-04
Okaka: From ‘mjengo’ worker to world-class boxer - Daily Nation,https://news.google.com/rss/articles/CBMinAFBVV95cUxQWERlVm5wS2I4Y0dKSUppNVJHcUQ2OUZ1TWZkV0RmeURzSzltOWNOYUZiUERkNnNUZE1CVlJRYWViWmQyc09LczJwb2JtbEdOb0MtbXR6bUU2dTdNeWVSWUNCRFRwZzE2WTU0LVA2SVgzZ21YZVBwQjJrSTNaU0JKYW5LMjF2X2hGa2EyZ1NRcDVQQldteEpJSVpoWFE?oc=5,2026-01-25 03:00:00,Daily Nation,Okaka: From ‘mjengo’ worker to world-class boxer Daily Nation,2025-01-04
"Mystery man breaks into Murkomen’s high-security office, stays for five hours - Daily Nation",https://news.google.com/rss/articles/CBMiuAFBVV95cUxPUHZadjZQRF9sT1U4dlIwbVFvZTN0R0I1aVNmMmVnelN5bU9SUDlheFhYNHp3Tmx3ZmhPb1VHdG5JN0tiMmNaLTVPb1BJVk5icS1UVkNuc2Rrb0ZjcFRvZjNWdHpTcS1uRjFyWThLLVZ2cnJEd3hCdDJoaDVmWnIwVVpwWGcteTdkRFlIbUdiNWxERjEyWXEyZDZkelZybVVwd2stOHJHSjhDTWhSWkFpQnJ1eUU2eVRK?oc=5,2026-01-25 14:06:03,Daily Nation,"Mystery man breaks into Murkomen’s high-security office, stays for five hours Daily Nation",2025-01-04
"Kenyan parents, wake up and protect your children - Daily Nation",https://news.google.com/rss/articles/CBMiqgFBVV95cUxORGl5ZWZUa3JwOHFsQnBxTDFRQ3dlZUpRNGdQeWt3NXlQRG54RjVveTNMYVd6RTRjZ3ZaLWJHLTlMMmJZc0UwZ0pmLWpmaFhXbnI1MWJTUHlDZ0hIb3M5Q2xzS0NISTQxQWtsOFAxOXFFVjNMeG9Zal9RSFVZZE9NZWl5eGJpS0p2R0lNVWo3Y0M3Z1JLVmRyTmRDWk5tb0kzTmVwZ0pnMlhtUQ?oc=5,2026-01-24 21:00:00,Daily Nation,"Kenyan parents, wake up and protect your children Daily Nation",2025-01-04
Gachagua: DCP will hold free and fair primaries - Daily Nation,https://news.google.com/rss/articles/CBMingFBVV95cUxPSFloWnBPdWMwUm0ySEh2clNCLVlEdk0xdFJUZmV1VVYwN2xYTFloRVdCQzRDT0NPN0t6MjdhQ2syelBDNjB5ekpJNnB1Zk1XcGtMcm53elJwSXhBYkM3T2FHQ3J3QkhvR2FPSGlZck5jOG1jWXdkYWcyLUNuNER3bnhMdTI0R25kYW9qV1duNVZqVVpOdXFyRnA2QWtPdw?oc=5,2026-01-24 19:19:36,Daily Nation,Gachagua: DCP will hold free and fair primaries Daily Nation,2025-01-04
South C building collapse: Re-inspection of ongoing constructions begins - Daily Nation,https://news.google.com/rss/articles/CBMiqgFBVV95cUxNc0JjZHFBZFpaU09mOVZHWVVXNDZyMktlS2VtMU00ZTY1TXhTanI1VmpsXzZ6ZXVwNFhNakVCTDhCUDVldUk5UzNCU29TWElFcUdmYk9CMEFDUVlJcnJTYnM0QzhBeEtGMFVFZ3lfTkFzeldZMEVHM3dxUWNDNHJiZkhCWVQxLXBKZTlvNFNMLVZYRm1pY19IU0k1VkNMSC1neHRsdE5XRUdqZw?oc=5,2026-01-24 14:37:20,Daily Nation,South C building collapse: Re-inspection of ongoing constructions begins Daily Nation,2025-01-04
Beyond the CV: Why Ethiopian women are switching their ethnicity after getting jobs - Daily Nation,https://news.google.com/rss/articles/CBMiygFBVV95cUxPa1Ntb1hueGdlN2UyRTNPYUladVB3TE43VU1ab1ZwSkhLSGh2YjFPSldRQ3pHNHFUTUtMWWRtblFmN2VRV0tnazhyay1GZVptcEU3LVFQdDZpZ0ZVVlZrVno1aDB0MVZSTVFXY2xPdlh5cTEyVm5lTTZkazI3QzF3TXpZbF85SjYzVjVnVzJYYXVKNk5udVpRSWg5d0pyRnV6U2lXS2JCc2N6T2FUOWxaOC1GcEV4Uk1QUEx4S2tOVXlQaTE4ZllkeWZR?oc=5,2026-01-24 16:34:22,Daily Nation,Beyond the CV: Why Ethiopian women are switching their ethnicity after getting jobs Daily Nation,2025-01-04
The high cost of the ‘high’ life: Kush Tracey’s journey from addiction to ministry - Daily Nation,https://news.google.com/rss/articles/CBMi4gFBVV95cUxNTWFhQkFsMTRvc1pzTzJrQi16Mm9yTEhOeU1qWUxOZnNudUh6aWEzRlFfUXdfRGJwRnBXVGh2Y25TbzU0SFRuVDZlN3NiV0N6VEFTQ3JJT0NZU2NjaWxyaG5LbHE0NkZrWHZKRG1xcmppSjRLaTVQYW9aYkpwelVEeHJNQU9KeGxHZnQ3Z05FYzF3VDRydHBKNUhxRWk3Z3ZOT0JEQmxldElpUWszRkZ1WU5BU1F2MXdYV3hPbGJhWUJmeEFxbGlNd1VOYWJ0MXJ0SW11RGIyTXFtUW5WX3ZGZWxB?oc=5,2026-01-24 09:00:00,Daily Nation,The high cost of the ‘high’ life: Kush Tracey’s journey from addiction to ministry Daily Nation,2025-01-04
"We cannot replace a dam with a bus park, Governor Wavinya tells Senate after backlash - Daily Nation",https://news.google.com/rss/articles/CBMi1AFBVV95cUxNdGFVcF9ZRWN5UUx4aExSekFOZm1ERHRLVDc1ZGVjOUJqcTlYX1FIN04tOGJqdW5STzcta2pyYThiZUpub3FIRTVYRENKc0dkMEVHSi1zc2JtdlZHLVRoLXJkcWRTZjBEbWw1aVIydFNNZDRwazhVb09remkxRVZmaFkyQjhXSmVtWmI3S1lzc3AzQW5RUENfR2wyaC0zOHBhdFluTGZEYVhsLWtjanpJeDRFWUthdWd0TWtBU0VBRTZHb2lsRlpwWlBfT3BER1l6ZFAtbw?oc=5,2026-01-24 10:48:44,Daily Nation,"We cannot replace a dam with a bus park, Governor Wavinya tells Senate after backlash Daily Nation",2025-01-04
Kiswahili emerges as top-performed KPSEA subject - Daily Nation,https://news.google.com/rss/articles/CBMiogFBVV95cUxNMnhmemtVZ0NKelE3aVUzLWhNc2NYTkYyNlU2VjItajZNNHQ0UnU1aFNkbmZyUThyc1djYXh0ZElITG5TTTVyZWM5Q3NXdWxLRkQzQUhxMjBWanladUE5eHhuTjFTSzRTWVMzTHhBa2VySklkX2t1MzJDbkFsLVVVVzU1Q0p6MFVxMjdybkZGRm1QN2NWaEtsN3R0c29DR2pHVnc?oc=5,2026-01-24 14:06:45,Daily Nation,Kiswahili emerges as top-performed KPSEA subject Daily Nation,2025-01-04
ODM wrangles: Oparanya-led ‘G8’ accuses Oburu group of ‘greed’ - Daily Nation,https://news.google.com/rss/articles/CBMirAFBVV95cUxQbFFvTHFJbU5hZGFFaUt3ZU9EdXFzTFF6WXZteXkxSE9DbG01WkVsdkJEWE5UZ08wQkNfTTdidWFSdzAySS1oSXFSUHJXTGhpMWxvbzZ6OTlSSEdmdmJFVUxzYVlTVjA3bkNzU1VsSkY1dzc5SnJPeHU2cEYtaGkxd2pkUURwQlB1c0R1ck9CWUV2ZUt5NFRrVXNaa05IbzZsTUlSRUFMUm40bnBx?oc=5,2026-01-24 11:19:07,Daily Nation,ODM wrangles: Oparanya-led ‘G8’ accuses Oburu group of ‘greed’ Daily Nation,2025-01-04
Absa Bank Kenya poaches executive from Stanbic - Business Daily,https://news.google.com/rss/articles/CBMiswFBVV95cUxPY3JzZklHLUpZU2Rodld1bnZleEhPRFNSMVczXzhtaWE5WU9CckdXYTB1NDNCV0VpOUF0bmhibC1pS19PaHVJNkFBV1lRSFFldW9YV1lrU1dLNXZGZ2FnQXNZUkh1RDVNQklGWjg5Rlo4cUVNTmFGZUlPTGNKd2VWcWFYOFJmZ3FQenBTUWJGS0RycS1jX3FIUDEtTEEzOXJLMTQteWU1dmlvM19UbHcwQThzdw?oc=5,2026-01-26 15:55:01,Business Daily,Absa Bank Kenya poaches executive from Stanbic Business Daily,2025-01-04
"KRA catches 392,162 in tax evasion crackdown - Business Daily",https://news.google.com/rss/articles/CBMinwFBVV95cUxPVHBRRWhnMkxtYUJaazZLblNEazVyVTVtQjZaRnhLMTc4Ny1nMWNkM2tOSzNickdkYWFXb3BXWGpLbm02SE5jUXp0aXFzUUhGdkRreDluUFpNQTA3ejJYYXdlaWRJWnVpeEZpaXVVbU1lUThsMVZtdGU0UGdPeDQ4N29hczlrSW5wQUJHcF93TDB0cy1ZR3FvMmhXaXdnSUU?oc=5,2026-01-26 18:15:00,Business Daily,"KRA catches 392,162 in tax evasion crackdown Business Daily",2025-01-04
Hundreds in limbo as State scraps ECDE Diploma - Daily Nation,https://news.google.com/rss/articles/CBMingFBVV95cUxPSjlLODd6TTlDRmNZM0ZfT2U4dTRHcUx0UjNaLW0wZjE1TFVkclNDZjJvR3RPWWRfc2JXVlVXYnhOOWhJY1hZRmp5WW1JMzhpTTZ1X0N1ZXVHeU5SSzNmTmt3bm9CNFgtWU83LWZ1cnczaEo2QUR1U1JZczZJUldrQ3NHQ05xb2RTT1NRaUVveEtsM210S0RRRWZSVG5jQQ?oc=5,2026-01-24 08:42:11,Daily Nation,Hundreds in limbo as State scraps ECDE Diploma Daily Nation,2025-01-04
Court faults TUK for illegal deductions on senior lecturer’s pay - Business Daily,https://news.google.com/rss/articles/CBMiwgFBVV95cUxPcXdIRy15ZjZXMGpyNU1LZk45SDRabDNjS3p2RjVuVHpxLWV2SkU1WlhPNk80OTQ4VHNsVm04TTlMbzVCWHZhYUlRVlljQTFkeldjM0hQNUYtVzVCSVBZNEo5NUszblQ0ejBXZzNuTTJZNk1CdjE5U05KVk1YUWlKaHp3NWRldG5reEUySHQyWlBzYk9OeWJ4RFRjSFR4SVZsUlhkREtVdWJOU0JYUGM0bG9lMm1IS0xlZDlBbVNNdWtPZw?oc=5,2026-01-26 17:00:00,Business Daily,Court faults TUK for illegal deductions on senior lecturer’s pay Business Daily,2025-01-04
Regulator clears buyout of fintech firm Riverbank - Business Daily,https://news.google.com/rss/articles/CBMitwFBVV95cUxQOE9XOVQ1d3hhdTRaVlUwMlZvdnR6UzNsaUhEVjduSjNleUhwZXRpSFFEQ1psZmxMMkdJQnJ6Z05hVGZkeFRjMkJfMGRqSUh2ejhhSlRMR0hpYkh5dVdjOGJNV040MmlnR3BmM3NaQkdyMHpHLWc5RHU3NzJSVXNPYlVRcXdJVEpVMWNzNzBnTWFnTVFkejJ2aGxDWDg1S1dFUnJsdEFvQzFWaUZKRXNwdVZOWG41N1U?oc=5,2026-01-26 16:45:00,Business Daily,Regulator clears buyout of fintech firm Riverbank Business Daily,2025-01-04
"Fake claims, real theft: Sh11 billion stolen from SHA in six months - Daily Nation",https://news.google.com/rss/articles/CBMiqgFBVV95cUxNSXpSV1dwQ0lESG5zcGFJWGVFTzlOM3BUb1JuaWJPU25XQlhMcXpuNENPWjNMUjFMZUpGUFZ1TGlFLUs0MWphclcyalhUeE5zM2NsUERqQVpkX2VCNVRKM0pSYmp4bGlzUWh3S1cxQzlkSlEzLU5TcWxqVUpvSk1sZ0I5dzc4REJoS05VNld3WXpmcnkwWUFZbGdGYks2cTZaZW1jVHZ2Y1hQUQ?oc=5,2026-01-28 03:00:00,Daily Nation,"Fake claims, real theft: Sh11 billion stolen from SHA in six months Daily Nation",2025-01-05
Why we relocated to Kenya after decades in the US - Daily Nation,https://news.google.com/rss/articles/CBMiogFBVV95cUxOcFVKVHRvd3o3RTNQTUtpcFJPNlVCZjFIaG42SlE2ajgxcE51NXZfOGdndkFNdjgySkV2dVFKM2JfcTJKSE45X1VadVpuQ2NxNFc2cHkwMFY0M1c5N2lUVFlKRzM0ZjhSblAwZFQ0Y25JbXlrZTM5a1VHR1Viekd0VGhsT242MzB5N0ZMVlZSWk02UlRZWGVSSzFkaUhJWG5DMFE?oc=5,2026-01-28 03:32:49,Daily Nation,Why we relocated to Kenya after decades in the US Daily Nation,2025-01-05
Businessman’s daughter accused of forging father’s Will to seize billions - Daily Nation,https://news.google.com/rss/articles/CBMitAFBVV95cUxNbVVUQ0NTS215VlA3bmlZZUxJcjc3YjlsNzRhc2pwRnBZODBPR1ZsN0VONXRaV2VCZmpXZ3BkVEhLQ2dnSkJQOHc5ZXdGSWh1ZU9MWVBxcEw3NU5RN0ZWcjhhSmZ1c0pIQmZOekVKMXViQlRlekNoN201aUZ4bFE0Tk0wNVlNcG5xeVh2Q3MxSW4tSjZwYWVnb0FmdE1YbzNEU1ZYSUJnUTlJU0xhNzVXcU5qYjc?oc=5,2026-01-27 07:25:08,Daily Nation,Businessman’s daughter accused of forging father’s Will to seize billions Daily Nation,2025-01-05
Lantana camara craze: Why Kenyans are eating it despite being toxic - Daily Nation,https://news.google.com/rss/articles/CBMiugFBVV95cUxNLTZObVdYQWxXdXBJUHpXNzBqb1dqd1lfSnFxYVNxczk5bU9RZ2c5cHI5ZzVwYzBFb2hVX0pUZ2dFMTVMenduNVJxa09VNVdRdFYwdFBHWUR0RmhqSWl4VWpoZzNUTWRubmpObkJYcFJVM2VPS0hmdXlEcXM0X1NLVUFGOGZTeWhnRkFpQnBzZTRCdW1WanNMcE9vQ25DV21ZdEZVZDRmTk05ZE5qYWV3OEN3VXhSRkE3T0E?oc=5,2026-01-27 08:00:00,Daily Nation,Lantana camara craze: Why Kenyans are eating it despite being toxic Daily Nation,2025-01-05
"Jeremiah Kioni: Close to power, yet 'always just out of reach - Daily Nation",https://news.google.com/rss/articles/CBMirAFBVV95cUxOTzI2aVNCaVhCZ1pXZU82NmEwblNhX0FJT05JazdYTkJfWXQtdVpZRWZ6M0IzQXJiYS0tSVk1d1EtQkstOGVxSVF0d3NzS0I0S0NpMXA2b0ZGT0R3YVlTeVhzTU9Mc2R1MXg2bGhGVkU4dkVZakdVMDlJSnlNRFlJbGpuSzFpeE1MZ25Dd3ZJXzF0OXBHekk4bmprTU50UE0tOHJfR0N6WG93aVgz?oc=5,2026-01-28 03:27:18,Daily Nation,"Jeremiah Kioni: Close to power, yet 'always just out of reach Daily Nation",2025-01-05
How Gachagua church attack reveals high-stake power struggles - Daily Nation,https://news.google.com/rss/articles/CBMisAFBVV95cUxNSmFvWnRvV0lSc0xLZk9NWmVnemVOZ2RibnZsTHBtWEp2YjRfa2JvaDJjN2FoZFhNbUc5cGdxcjFvUG9KRXdqM2F1TnhlOGhXZTNWU0NUdi1mdmxENkN4U1BzSF9mUGNFR2gyd1Zjek9KTXpINXZHdk5OY25teVFwSnRiSU5sSUpwOHBlNjU2b0xLQkZKRDRIMk9kay0yQzI2WjdyQkwzOWRWYUFDa0Z3Tg?oc=5,2026-01-28 03:00:00,Daily Nation,How Gachagua church attack reveals high-stake power struggles Daily Nation,2025-01-05
Businesswoman Mary Wambui fights city luxury hotel auction over Sh8bn debt - Daily Nation,https://news.google.com/rss/articles/CBMitgFBVV95cUxNeXY0NEFZdjFjM3lEZEVzLXk5d2p4Ul95RGQ2clN6MVA0RGJxYXFENklXYzZZc3dVR29UZUQ0V295cjRVWks3M1UyaVA2UkpOc2t5S1dlYXhvMmFacmNzbDVpQldCUUNYQnBDRmtBb2ZVVHozaXlBemQzRm5XbUFVdGR0R3J6MGV5QXhia0o3Mm5NdjRybkZZbi1IeVljNklPcjBtTlBHWGM4S2lnc0lZd0g4Yzktdw?oc=5,2026-01-26 11:45:00,Daily Nation,Businesswoman Mary Wambui fights city luxury hotel auction over Sh8bn debt Daily Nation,2025-01-05
What Ida Odinga is going to do at UNEP - Daily Nation,https://news.google.com/rss/articles/CBMihgFBVV95cUxQOHNPd0loNVZ6Y2NYNFVPZzdJYk1ySVp0Rl9wUi1UV0Q0R1ZWWkE5c3lQcHNEaURFT3BHVkpiSWRPNWhzMEE0ajJmVUtqSldyUlZELUN1SkdSSU93cjFGbnc5Z29PNE0wbDNRc3hORHFmQWdLV0hheFhyeDJoRUZhNFZYeTYwQQ?oc=5,2026-01-28 02:00:00,Daily Nation,What Ida Odinga is going to do at UNEP Daily Nation,2025-01-05
Report: More than half of MPs will not make it back to Parliament - Daily Nation,https://news.google.com/rss/articles/CBMitAFBVV95cUxOY1g2SEZLR01SV3AtSXh1N28zbVkxeFFvMVpIb2pCMzBUU3RzT2hZM2o3RmM0d09ud0REZGlJelJpQ1N2X1dOTlFGaDhJaVpKWnl4cy1BdDcxalpFYTg1Qk45TXVJSm9IbFE1WXRmdlQ0Q3pJT1ZtR2phSUI0NERGcmctcXYwX2FMWTRONFZuOFlhR25MSTNndXZMeTNuZThWT0tmSnJuYmdONG8wdnoybE5mblc?oc=5,2026-01-28 03:00:00,Daily Nation,Report: More than half of MPs will not make it back to Parliament Daily Nation,2025-01-05
Two Ruto advisers face legal action over alleged contempt of court - Daily Nation,https://news.google.com/rss/articles/CBMiqwFBVV95cUxNd2psWG9ENXE3ck9EdEstU0FmRWdGVm1TQ1N3ak9jOWZReUprYlFkbl9jbTljZFlhbXhYOGNLSGVqWE9lNHZQUzBWTXhOZ3VIMXFpYmwyUUtPbFY0a2F4Wm1UUkcyam1vSl90OUl5Y05nU2I5ckk2THBLYlpad1BDdVRlbklIMlFZMmt5TmJtSmlFelRPcEtCcV80clJaSjVqSFJMVVZaTDlGX0E?oc=5,2026-01-28 02:00:00,Daily Nation,Two Ruto advisers face legal action over alleged contempt of court Daily Nation,2025-01-05
20 athletes found guilty of age cheating after probe - Daily Nation,https://news.google.com/rss/articles/CBMiqAFBVV95cUxNc1F1bFNJQ0dPUWVWc1RLcEh1MUUzOVQ5am1kV2hnbXBoX05pVFZWZ2Y3MjJfQkRFRDU5ZHRqd3VVM3o0OG05R09FNXI3cGxsZTdtRzN0Snl4U0tXWnV1YXNqLTJYQ0plaUZJaXM2NU53cE5qcGQwSXJsOEFOd3RxbUVaenhES1pCSlNSTEJvNzVrUk4zNHFzUzBycHJSRHBBam9vSGJPcy0?oc=5,2026-01-28 05:22:53,Daily Nation,20 athletes found guilty of age cheating after probe Daily Nation,2025-01-05
I earn twice my boyfriend’s salary. Should I still marry him? - Daily Nation,https://news.google.com/rss/articles/CBMisAFBVV95cUxNWngzcWhhejFDb2NlMmxYb1QzNUxQNGRUMXBEQTVVLWxvVjVTd2VtOFlNNmhFZUJZU3lKazhiRkxRbjRsSkQtemFhN3JobHZlRGVUamc2cUY2a0lrTGJHZTY3VEJiRmNCU2NnOHRfWlRXVkRYVE92bWtMdzF2WFcxdFlCN0RfZ3BBS2lpcHVkY3ZlMmlGWlZ0UjdrS25mOTdfUkRsX3ZuWEZNMjIzbnU4aA?oc=5,2026-01-27 13:33:43,Daily Nation,I earn twice my boyfriend’s salary. Should I still marry him? Daily Nation,2025-01-05
Court limits employer liability for funeral costs in workplace deaths - Daily Nation,https://news.google.com/rss/articles/CBMivwFBVV95cUxQUVFUUWV6ZlNnWFpuay13RU9TMm0yMHBIczZnMk5uWXczeHNJOXZPU3NsTWxsUHQxOFhCQ0RoczNkUUIxVjJ1bEtDdkpFR0NRTUo1MTFNV3VtSHBKQzBTRTJtWkUybm93M1JlNy1qdWpIT1pUMVBrOEFvZDQzTzU0V1I2cjNUaW1PQzhCVHhHYm85OUNsVGw4aWpzM1VPS05rdU5ycWM4RFR6R1RpaXVXZDh1cnk3TUVYaWp5Yno2OA?oc=5,2026-01-26 13:42:05,Daily Nation,Court limits employer liability for funeral costs in workplace deaths Daily Nation,2025-01-05
Kilifi man who killed wife for joining Instagram seeks court leniency - Daily Nation,https://news.google.com/rss/articles/CBMivgFBVV95cUxQY3lOV044OURibnBkX1ZETzZTclFnY2FJRmlpdDdCRWJhQ2d6YW9WbUV5YW5rd1U4Slk1c1NGVnNrMjBOSlcxTGRsWmp6RGU5Wndkd3hJMExBVXFSSExPLVFBNW44ZGR5RUZmZ0dRY29lb0luZmZYS2l3SkE4TkR6bGthRmlPbDVQcHhDNnZSRXFybVZ1aExHR2swLTRIdmgzWHFnSWRWdmFCRkhUTTFKWHRYQXV5Mjd0Tk53SHZ3?oc=5,2026-01-27 11:00:00,Daily Nation,Kilifi man who killed wife for joining Instagram seeks court leniency Daily Nation,2025-01-05
PSC requests Sh3bn boost to tackle ageing workforce crisis - Daily Nation,https://news.google.com/rss/articles/CBMioAFBVV95cUxNVFZkZkdoWEJQV0FBdC1sOTRVckJvcHM0TWFoUFVBZzFZVzE1QzUtN2tmVFFZSmdVVHBFWUZXazliN21jMXFvSE0wTmlPekFnMGktdFZNZ05hX1NiOGpIbXFxa05JaGhGZV9sYjRmMzJSVGVNM2RyQXlnSE9qczVGNmxKNUpuQ21zZ0pieHFlZGVoSFpJZy1LT1dpQ1o5V1Zt?oc=5,2026-01-26 03:00:00,Daily Nation,PSC requests Sh3bn boost to tackle ageing workforce crisis Daily Nation,2025-01-05
Court upholds revocation of 306 unqualified nursing interns - Daily Nation,https://news.google.com/rss/articles/CBMiogFBVV95cUxNZm5TeFVaMTAyZ1ZVTEd0V0czSWtjbjVZSWxqU19NcXVPdlhpVXI2VWZ1RFhVZ1NJRGt3TDU5bzhtWjRXRTVjVTVJdHk5MFFHMFFQRk1xTF9MZzV0RHU5bFp6YWVONFRBSURJOHNUbHQ1bXY2d0ZfRHllM2V1djBtUW1ycmtEeE5hRHRjNkVRbmxqVWNjejhuSE9Yc0NHb1Y5Z0E?oc=5,2026-01-26 13:48:46,Daily Nation,Court upholds revocation of 306 unqualified nursing interns Daily Nation,2025-01-05
UDA jitters: members push back amid coalition talk - Daily Nation,https://news.google.com/rss/articles/CBMioAFBVV95cUxNQ0lzU09aendpUWVhSk5zR0dQek5KUEZxWF92ZW5ZVzhNTXlCRkFxa0IyZGNxWTczTWhVR2JpRk5FSFVteGRYeWE3UmtrRVlOWGZLeHJhcTZvWThjR004NUtFMkpPRU1DNkxqeFhXNWphSUNid05SZXlOUlBNZjZ3dEstV0NZWVkzNTV1Wl91enJDRkt2WEs0YzEta09SaE9l?oc=5,2026-01-27 16:07:14,Daily Nation,UDA jitters: members push back amid coalition talk Daily Nation,2025-01-05
Bribes in TSC recruitment scam rise to Sh133.8 million - Daily Nation,https://news.google.com/rss/articles/CBMiqAFBVV95cUxNSy1YclhVdnJqT3h5TDhnZlBBYVNOZm1BdjJuRVJGUzRVeVotTmFVLVhvajI0Y2pvSFlhbXJDMzVIZlA2eUczY0RjTm1yLWpkWGVSQVNpa2E5THBrcF9fT3BpWFJ6UENxbTNDc3cyaUlvNWtSbUhzOUNkYktvWmNCSEJiUS13VU1Yel9Ha3VCSklEb1dBUGt3azYtSzJqTGJpbTZqUFREeUc?oc=5,2026-01-26 10:10:48,Daily Nation,Bribes in TSC recruitment scam rise to Sh133.8 million Daily Nation,2025-01-05
Will forgery claim sparks family feud in ex-AG Karugu’s multibillion estate battle - Daily Nation,https://news.google.com/rss/articles/CBMiwAFBVV95cUxQT0dvdnBKbHlFMXVUakZ2NjdkbTlvOTd2SGxPbGc4Qy1WNzRSeGJiRnljQk1iWHRpX1AyTTh3ZTFMX1NSVUpvazlVSVVSZVdzOW5ONVNveFphclNXaVprN1Ezd3l4ZmFsa3J1TVF0UFU5UFcxZzdvZ0NTZGhZcmZpRGxiMm1YYVZlRE10M25oemU2Wlc0dHAtMWJpb3IzaWdXNlNoblhic3kzOWUyVEY3WjYxeWctenZzMmxLeGlQdzk?oc=5,2026-01-27 08:54:47,Daily Nation,Will forgery claim sparks family feud in ex-AG Karugu’s multibillion estate battle Daily Nation,2025-01-05
"Ruto appoints Issack Hassan, Katwa Kigen among 15 new Court of Appeal judges - Daily Nation",https://news.google.com/rss/articles/CBMitwFBVV95cUxPX3BBRkYzOUtqeFFCN3Y4eTVwby1iSWFxTTNibXpXNHNuYy14eW5GbjRab3lrT2ltazdLUi1lenF1SW5ueFJyQmpfRUlxb2tFR0RtNzNjdWVVQXYzWXpxaU9ITERucWZTUzFiWl94LXhwMXNlLVRkeGNMVXp5NExDLWNqTUpRQnZEcWtJbUpUV0Ixb04yV09Ba2pnVVY5czJEcC1Gcm95aHFoXzB1UFNXa0RTYXRZVHc?oc=5,2026-01-27 13:00:00,Daily Nation,"Ruto appoints Issack Hassan, Katwa Kigen among 15 new Court of Appeal judges Daily Nation",2025-01-05
Ida Odinga: Why I have accepted Ruto's job - Daily Nation,https://news.google.com/rss/articles/CBMijwFBVV95cUxPdlByd21ENk1wTTBrdnJjSGpBNmRFVFl0WXdGZDM0V2duZ2l6Z3k4Z1FpT0hFdnVvN1lWSGNYRU55aEFVR2I1YXE3UHgxRkpETlVIVE0zWTBHZ2pmTGl2Skh1b1Jwc2FSbVZLejRmUlZaOHc1X042LTZITmVTaHo4d1VRQTM4OFdTdHlXOXZLQQ?oc=5,2026-01-25 22:11:36,Daily Nation,Ida Odinga: Why I have accepted Ruto's job Daily Nation,2025-01-05
How IEBC decision to defer boundaries review will affect 2027 polls - Daily Nation,https://news.google.com/rss/articles/CBMirAFBVV95cUxPdi1mUGxzd0dfOVRWelN6TTBzenlhbEItTi1FSWcxSWw0aG1pUnpMUDdWcDY1MGt6RWpLUlN5RDRzNlhwUjdSdkRCX2hvTWZxZk5zZzVDam9BeGp2bTZfVE9sZDgtYnJGV0FpMVpDRFBMT0hFenRMblphSFVDQjFveXBjRTh2RzlFQmQ4QmktTjlQSkcyUlRzUjlRR1lpMXhPamtyTjVMOGpud3hw?oc=5,2026-01-27 17:13:01,Daily Nation,How IEBC decision to defer boundaries review will affect 2027 polls Daily Nation,2025-01-05
Newest billionaire in town? KCB gets nod to acquire Nick Mwendwa firm - Daily Nation,https://news.google.com/rss/articles/CBMiwAFBVV95cUxPWi1YTURidkpHR1Z6dHJ4ekZuMWFXR2tWNHR0YUhpNFdFZ09tcDRTR1dQRGF2ZFRwcEJNZWpIMllRd2NBWnZlY2lzVnlXYVlIdE9rUnZsTzBPMnMxN241RXBmQndyd2cxc2U4amc3bVZoS3ZObjFxY25PR0lZdTZOYjVpNmpMVHh1ME85Y04td1NZZnpGQWgzbFp5MnVjcGJXSzlLcGZvSFBQNTBsZHd3R3g5RU4tVjkxbXRWMEp0LWE?oc=5,2026-01-26 12:33:45,Daily Nation,Newest billionaire in town? KCB gets nod to acquire Nick Mwendwa firm Daily Nation,2025-01-05
Political storm over Rigathi Gachagua attack - Daily Nation,https://news.google.com/rss/articles/CBMimwFBVV95cUxQOGUyRXZjcmdOc3hTWjJBbW9hWmdYVC1ma1RMdUNaY2pKc2dtOVNnZ1l5ZFcxQS1rc0hOWHBDNUlRbGpJOXBRSi1zbXFnSEtzYmFhOXVIVkMwN1dZREVWNjFBcGlGcFI1ZGZzdFpveXN3YlRBaDE0Rk03MFp1cHd6VnctY0RzbnZUVzBTRUM2cHZBT2hRZ2t1Z3N5Yw?oc=5,2026-01-27 03:00:00,Daily Nation,Political storm over Rigathi Gachagua attack Daily Nation,2025-01-05
Russia-Ukraine war: Families of kin killed or injured plead for State help - Daily Nation,https://news.google.com/rss/articles/CBMitAFBVV95cUxPRURRamZ6Mk9RNC1hRHJNcHhUWENfSFNTYmVLMHRhaHI4QVBENWVxcFNSSVo1YW1qNDViV3kwejFTUVd2dHRVLVpkUkFOdjZ6d3I5V0lVVTlYZnpDZGNXY0E1Z1RhaHpPOFJxRnlERURNUndVbVY3Y0ltbUl4SjAzNEl4eENPbFYwdUNhMzh6WmxYOTktUnBLaU9zUXNqTV81LUEySHJVOXMxM3JYbDVZbHRPdEU?oc=5,2026-01-27 18:14:03,Daily Nation,Russia-Ukraine war: Families of kin killed or injured plead for State help Daily Nation,2025-01-05
‘Upcountry matters’: Sharon Oyoko’s bid to reshape LSK representation - Daily Nation,https://news.google.com/rss/articles/CBMitgFBVV95cUxNUVljVmNwTzNMOWxuZExyN2ZQblp2bHM4U2FvcHlVOTZ5OUdGclF1ekRsVmtPWFczOWdHRWp5SW9TRTRObnc5Z0VfREJvUnR0QXlPV2RVQm5sWkMtandQek4wWk8tY2xndU5sX0pMbGtmLW9JczdaNHdicG42c1NIRDNmRmJaZ0hzNDR1MmRKT3VXSENrTFZJazhUT2tmaHpzTnFkWkFCb3d5R1Q0VzhaV2F5blJtdw?oc=5,2026-01-27 10:00:00,Daily Nation,‘Upcountry matters’: Sharon Oyoko’s bid to reshape LSK representation Daily Nation,2025-01-05
Profiles of Court of Appeal judge nominees and tough JSC questions they faced - Daily Nation,https://news.google.com/rss/articles/CBMiugFBVV95cUxQeWNBTmVrQ1NlXzdsX0ZqUnBPbVZSaFF1S21lZkdIZ2RTZnpnU1ptb1R6OE42bWJicjNzT3RLQjZDQTdCRW5DVXVRUV9OY2pyTkpCZU5pa09uaEZQTWVVWU1JZy1STUFTYlJHUkwxMlRBZEZSRFZzVEJjTU83MTR4QTFjclUzN3RhMmxKTU8yNXBSYWJQNUlGcVliRkZZMmJBT1lGRVhsZldBQTdfbEJKQ3NzeElMTC1Ob0E?oc=5,2026-01-25 03:00:00,Daily Nation,Profiles of Court of Appeal judge nominees and tough JSC questions they faced Daily Nation,2025-01-05
"Elite capture, underdevelopment of Kenya - Daily Nation",https://news.google.com/rss/articles/CBMingFBVV95cUxNRm1FcEVGM2Z3cjNvWERVc0tER1k2WDJJYlphQ0NGWExCeDJLN3gweGsyVFA2bjVNeDRnUkdxTlVIRzBzMmViMzJYOXVKOExlczNUZndwX2N2WmZWb3o0YnVSZ1dlVldmeklMNTVuX1hwWmlGVmFDaTl6ZUxnRmxTUGFCNjlIMmtoUHUzbFhMLWhjZmYwZXcyVFctRWhoQQ?oc=5,2026-01-24 21:00:00,Daily Nation,"Elite capture, underdevelopment of Kenya Daily Nation",2025-01-05
Decoding Ruto's chess game: What Ida Odinga pick as envoy means - Daily Nation,https://news.google.com/rss/articles/CBMirgFBVV95cUxNWVl6TVIxWmVISE9Vb2doQXI5bVFnREdzS3NrenVSTkxMdER0TEZtZlhKdzNzd1hHTlFXUVpIZG5EdzllUFJyNHhCd1BjaDEzT1B4aUxSUndwbldaVzNTYWRWSm5OMkxCdGM3MjhSTUhLUFlUWXJlWlJWV3BZSXg1MWlNQXJBczNrcGZVb2JvU2ZpLWVKT3VYTDhLOEZ6bUJ5cnpLcHpiZXBNaVdzSWc?oc=5,2026-01-24 03:00:00,Daily Nation,Decoding Ruto's chess game: What Ida Odinga pick as envoy means Daily Nation,2025-01-05
"Attorney-General, PSC race to save Ruto advisers - Daily Nation",https://news.google.com/rss/articles/CBMikgFBVV95cUxORk1GOWYySUFhLWk3R0Ffd3dyUmJFTU11dVcxOGJXdENsU28tOHJPRmQ5RTJsMmRGTmNsbkhHYktaa0doUzI0RERiTnBzTnFQOUYzZktJTU9kdWxQbk5mYklyb2FwdkxaaUlsVkRIdkJaQWlmTG45SUhRcnBTMDF6RFhMcFdiUHVPVm5qa1JfeFR0QQ?oc=5,2026-01-23 18:23:23,Daily Nation,"Attorney-General, PSC race to save Ruto advisers Daily Nation",2025-01-05
Prof Okumu named Kenyatta University Acting VC as Prof Wainaina exits - Daily Nation,https://news.google.com/rss/articles/CBMivAFBVV95cUxPYTNGQTIxU2ZaYktjS204R3Z3VWE0Nmd1MG8wcWZqal9hb2stVzhEVkE3U3B1Q3NLVmdhQ25EQVMxaHlwNmRxMGxUdldRTFYxdmpHaWd3aFVOMVZNWUVtU3RhTjhBTEpCYWxDLU5STndqVjFuOV9ValNqZ3ZPWVBqTTlPLXQ1emw2enZuUVBLSTRoWmJsSjVtWDctYWxwT2hudlhzTnVzLXZLaDhCYWJJZUdJa20yWkVXaGNZaA?oc=5,2026-01-23 17:06:49,Daily Nation,Prof Okumu named Kenyatta University Acting VC as Prof Wainaina exits Daily Nation,2025-01-05
"Mamdani’s bombshell book explodes Yoweri Museveni, Idi Amin myths - Daily Nation",https://news.google.com/rss/articles/CBMitgFBVV95cUxPVzZBM1F5NDdMdHhVOExCNkdaTmptdk9COEk5M3U3VldKdTU5cjVQUmVvM3N6ODgtQUpMN2wtR2ktNktFbGkyNlZxVWlMNGM0bXFIdGp4WTViNWdlZ0dDeUJ4NjFWU2ZJV054cWljMnZKU2xOUWtIc2VhQjF0TEtObzRkY0VaMXVIdklhaUFhOHNXanktVVhDMVptZVRVbVBYUjJtbHE3YmVESTNjcVhrakFNd0hyZw?oc=5,2026-01-25 10:56:39,Daily Nation,"Mamdani’s bombshell book explodes Yoweri Museveni, Idi Amin myths Daily Nation",2025-01-05
"Gathoni Wamuchomba, the erratic trumpeter - Daily Nation",https://news.google.com/rss/articles/CBMilgFBVV95cUxNSEYxWnhRbmtCek91RWw2TFYwVzhCaUNaM2EzSjdlMnhRR0hGeU0za21ISGdJMDBRck9xTGw4b0ZKaVZURjJIUHBoVWZSNlBsbWFNTUZyWDVpcnF2OHNIQ0FaamJUdUE3bTIzQ3lrakZYVkZseS1aeElMLXB5LVlxUG1WOXJGdzhmd0JralFKUDdQMEVPNGc?oc=5,2026-01-25 03:00:00,Daily Nation,"Gathoni Wamuchomba, the erratic trumpeter Daily Nation",2025-01-05
"I’ll win 3 million votes in ODM pact, says President Ruto - Daily Nation",https://news.google.com/rss/articles/CBMiqgFBVV95cUxPT2J2Mlp5MlZSWnpVallFV0Zhbi1sUDJ5OWJqbTdyc1h1dTl3N2M3NFE1VHBpTlE1U0xTLTRMWGdJdlg1WklpcnlUeUtQSm9vSVI4bnBfOUNJUHJPYVlfU0k1d2tXYUtUdm40ZEJBRU80WThBeDlKbFlUalVvYUM0NTRVS3BWMkdoM3NmUVdyN0d4dTBlUjBicURrVkZKM2JQcTZicUtCOUJvdw?oc=5,2026-01-27 03:00:00,Daily Nation,"I’ll win 3 million votes in ODM pact, says President Ruto Daily Nation",2025-01-05
"Faith Kipyegon, Nike partner to build Sh30m maternity wing at her Kuresoi birthplace - Daily Nation",https://news.google.com/rss/articles/CBMi0gFBVV95cUxOTmZzRDhkSk9HUWd4a0dkY2xSM0ExUFpIdWktRVBJLVBrb1NDMXgtM2VqU2ZPTjBpbERMUm5TaXFidFctdnhwR0EyWHVJNTNPbEx3SFZjU0RWT3RpZE00elhRa1hLZ0VDWlRXQnYyTF9ncmp1aUQ4bmw2VWtGeGJZNDVpWkw5eEpwVENWUEZJR3E2QWJ5X3JYSWJlQ2E4bXNkQVNsUWE0ZEYwcFVjT1JoY2h4RXYyOW5GNlpNSlNDWjRod0QtRzZTaWl4eGVNaXpkMHc?oc=5,2026-01-27 13:33:14,Daily Nation,"Faith Kipyegon, Nike partner to build Sh30m maternity wing at her Kuresoi birthplace Daily Nation",2025-01-05
"Senators question new county accounting system, warn of fraud loopholes - Daily Nation",https://news.google.com/rss/articles/CBMitgFBVV95cUxPMVY1ODIwNjA3VjJMU216RzhlcDZnd1l5SzJqWmJYeVdRTkh1UGxCcUp4S00yT0hkNFh2dHc1ckhmZHdqZ2dvbG8weENEMjh0Uk1WaDdkMElYTzNzOEpQbFRvaTFKR3ktMGFEcmV4cVRwOFpXUTFPY1hUbkkxek5wRmJUUjhXTnlVY0RSQ2s2bXJoZklINmxZUnBoQ2FPbmp3X0E4bUF5SjhPTnBPUjdCU09FdFB6UQ?oc=5,2026-01-27 11:10:49,Daily Nation,"Senators question new county accounting system, warn of fraud loopholes Daily Nation",2025-01-05
"Court allows police to detain Turkish nationals Elsek Osman, Gokmen Sandikci in terrorism financing probe - Daily Nation",https://news.google.com/rss/articles/CBMi7wFBVV95cUxPY2JWUHplejBVZ243ajJwWTVJNnVKNFIteWJvU090anVFZGVwdWRPS0pYTktWUi1CSEI2LVc1UjF2c3dCREVNRmF3OENTV0VzallvRXBINFMxWWR0bUtONmRoeGNjeDBybjBLOC1saUZGWS0zZ2lGVzhsbEl4YkZta21wZGJtQ1F2OFdlVzR3M2VFMVRhNDVYN3dsbWVKZ0tDSVctR09IWk1MQjBMM2V0SllGelZRSFlIUG1sUE94UWlUUUF6TWlwbTE2OTU1T3FmSWRjME14bnhJYTFtT3B3WWlnckpLaXJkT3hLMlNiaw?oc=5,2026-01-27 14:18:03,Daily Nation,"Court allows police to detain Turkish nationals Elsek Osman, Gokmen Sandikci in terrorism financing probe Daily Nation",2025-01-05
"Premarital counselling favours men, critics say - Daily Nation",https://news.google.com/rss/articles/CBMiwgFBVV95cUxQUnh5NWt1a1QxVS1uWmctTl9ienBkM05kYUVreko3MEM5RzNNc0o2YkVuN3JYQzNXOFFGQUxYOTJpNklmWlFBeTdKNDAySzBIOEdnelNYYm5GY0tqRExUbUg5Um9uMzVTanFHLW1fSE1WN0c0Vzk5OE5QTFZzc3B6RERsaFJTdU01bUNIMlQ0NUNQNDd3LTB2UTBlVUd6NVNTMmFKQUx1Wk96UjhpeGFfcFZLS3lCSzhTSDlSTEVvMUpTUQ?oc=5,2026-01-24 03:00:00,Daily Nation,"Premarital counselling favours men, critics say Daily Nation",2025-01-05
"Uproar over Machakos County’s bid to drain Tala Dam, convert it to bus terminus - Daily Nation",https://news.google.com/rss/articles/CBMizAFBVV95cUxOY1BsUEVhc0dzSjFySWpZQWlvanBncUw5VHprZFdsY1BERl9taHVSaWltUjJpWlUtS2ZtcnJuTFZmQ0hfdFNZalJvRTVCUHhCRzc4dFh2bUY0WGdQaEo2T1BSNGdRZUZESElXd0tOdnFwNFE4aDVqRXgzc2YzeGlfVGl3d2ZkSWUyQjR2X3FkbzR0VTVYYnUtRnM5cHRQWk5lbno3cUxLaGx5RF96c0l5LU1KRVZEbFBJVWdOZVUwLU9aaTVrOVRCSmxPSVA?oc=5,2026-01-22 03:00:00,Daily Nation,"Uproar over Machakos County’s bid to drain Tala Dam, convert it to bus terminus Daily Nation",2025-01-05
State to increase funding for primary school education - Daily Nation,https://news.google.com/rss/articles/CBMiqAFBVV95cUxQQkNTMGp3M2NpbmxIUDJQZXJpVjFWV0JobmZ3UnBIWndDMUJId0pKRXBYSmZxTFJQSHB0U3c1aHdEV202X2FxX3gwRFZZeHdxOEJSTWVqWmxfVWdKQjhOZDlMWmczZWJqODNETXMyeTk3blhZLVAtdkxHUUppbTJLTnlRZjhkUW00eFpPOHZoVXZMYTJQUlhiUUVIakZUTXcyMVAzR3pHOWQ?oc=5,2026-01-27 03:00:00,Daily Nation,State to increase funding for primary school education Daily Nation,2025-01-05
Death days before US return: 10 things we know about siblings who died in Gilgil crash - Daily Nation,https://news.google.com/rss/articles/CBMixAFBVV95cUxNLTRZNUhiaVZBN3puX0VJOXFwSGdhZG9oV2ZFTERDQ2lvYnpBY21iM056T25IUV9yY0VBZ0hBcVh1OGxqUXBTU3JsLXB2YUpsWE45dUp3ZVpSb25pOTdzY0ZMM0hEdGt6VnBhaUpmTVBfVGxZSmllR3RlTkd4blBQVUV3S0lHZnBqYWFEZnR3Z21CZXEyN2FUVXVNWUloYnBBLWhZSXI4RkxsUmRfUGVVV3VxamdmNHB4eWpRaUNIVHdWSU9a?oc=5,2026-01-23 03:00:00,Daily Nation,Death days before US return: 10 things we know about siblings who died in Gilgil crash Daily Nation,2025-01-05
From D+ to B-: Mother of 2 revives nursing dream after 15-year pause - Daily Nation,https://news.google.com/rss/articles/CBMiqgFBVV95cUxPTTlYTl82RjlqVlkzQkNOeXVpNWtZYWgtVVhra2JTUWNGSlZpYkZ3NkVMZGgzMjNPU054alE4ZWhmbEVaLUVONFVLb01HLVA4NmtYNlI3clhISGpCVGlzb29FMUdEekFWTld0TnZxY2gwRVczT1c3OUhMZVk1NkswV05UZXhHY0dfRFgxXzF1VUdDdjBFemVhc3hFSXZDN29RLUVzdXRLSWx5dw?oc=5,2026-01-27 03:00:00,Daily Nation,From D+ to B-: Mother of 2 revives nursing dream after 15-year pause Daily Nation,2025-01-05
Start-up trying to make a mark through crafting healthy foods - Daily Nation,https://news.google.com/rss/articles/CBMiugFBVV95cUxQeWUtT0lpY1VUMVhrdmJXVXZVU1JlS1A2bnNLa0pUa1psM3dqc1FDbUNZUmNLdU91d1ZsUzVtQUNqNURiYk9RTldnZTd1ejZQeUFlb2Uyalp1Z0dsVnBFaGJ1b2JKWXZoT1M2Q0lxTUNOYm5HZmgwR2psLWJ4dUxNeThub3Zhc29SQ1V4c29fN2tNdHd2d0RnVzA3NDM2VWZxRThOQ2FMNlRZTjYySzRNUnBPMFdNZ24xU0E?oc=5,2026-01-27 10:00:00,Daily Nation,Start-up trying to make a mark through crafting healthy foods Daily Nation,2025-01-05
11 men and women who could influence Ruto’s 2027 Mt Kenya plan - Daily Nation,https://news.google.com/rss/articles/CBMisgFBVV95cUxNZ2luclpPQWM4dTB4VHhLZEZ4UkxNREZVaDVOUnVnejR5dGZaaFhRTkJmLW9sbTFxMkVxTHdycTUwMHNkSHo4NWNVTXdfc3JfSTRmenFjamJLdGhnWU55azNNS05mTlNxOUpzNk9laFYyN0I2NjhxRHBtVW8xaWVaelhYVVBjZ1FqVE83TUprcHBGS2pzVVlydU5JaG5sREkxWkwwQUJyU251em5Uek5XNjN3?oc=5,2026-01-25 03:00:00,Daily Nation,11 men and women who could influence Ruto’s 2027 Mt Kenya plan Daily Nation,2025-01-05
Health CS Aden Duale: UHC workers to get permanent jobs from July - Daily Nation,https://news.google.com/rss/articles/CBMiqwFBVV95cUxNUExsbTNCVzI0cnFhZi1JWVlsNlNiQUxIeHBZTERUN1kxczIxM2VFRG8wSFg2azhrWDdCRERhMHZpSHU2OXd3aG95WlZFTk1FZGgwMzRCWW93N3czTDIzNXR3cXFxTE54TXNlNEM3eVpJUkloZzlqZ1ZGRmtSaWxGeElRTDdwSW4zZk95Y21QTDhmdGpMZ3NQUTdoTGV3TlVDSDZwSWMyRVp3dm8?oc=5,2026-01-27 16:51:28,Daily Nation,Health CS Aden Duale: UHC workers to get permanent jobs from July Daily Nation,2025-01-05
'Mystery' sponsor leaves 16 needy Kisumu students stranded - Daily Nation,https://news.google.com/rss/articles/CBMirAFBVV95cUxQVUNOdHB3RTNzcmRMaDlBSV9LV1gwNUJxQWVqa1E3UV9zVUNXUXp3UmxEdzdFM3VQYWFMRWZEaVluYUZldk85Tl80Z3ZYTEFYUklKMlRpMEtsU1pZNGRlQ2xBNjJ1ZDRKbFVzcFZIRk9DcmpObVBra1dqZlpmNTFUS2dYT3NYS3BkbXpqbWZDWm9nNjhyZ2FpbENudi1FSGt4MW1xeURNWkJMb2c2?oc=5,2026-01-21 12:53:37,Daily Nation,'Mystery' sponsor leaves 16 needy Kisumu students stranded Daily Nation,2025-01-05
Karatina police shooting: Sleuths probe possible personal ties - Daily Nation,https://news.google.com/rss/articles/CBMisgFBVV95cUxPM191YWNDMk5BeHdoWFFYNTFXQ1N3QlQ1SXd3OUc0akhCcWVob20tVnJiYmlJY0tfZVBmaC0zc29yWjFuUEhSdnhaSkdRaG5DSXgzalZJU0xNb0w3RG5LeFByRHN3RTdKMXBjWkU0eDM3ejg4NktXNVhGbnJzSGRocUgwa1hmOFF6M243Njk0dElsa2RHcjBzSTJKUEJVd3BrZlk2Zm5RQXg4OFY4S2R1QnNB?oc=5,2026-01-22 07:00:00,Daily Nation,Karatina police shooting: Sleuths probe possible personal ties Daily Nation,2025-01-05
Sakaja risks six-month jail term over staff CBA - Daily Nation,https://news.google.com/rss/articles/CBMiogFBVV95cUxPRENVMzNIU1pWaDFVNnItRlRxNUNOaEMzc1VLVDd3eE91dVVvdDJHSVRqVWNIWW5VbWJXTHVNNEFMSERxcXlGRlpFenUzU3hPSzlHc1p1NUZ2eThKYTl5RlF2MlptaC01MFd2MkZKTHR4dzlHX2h3UjBGcnBRd0Y5dmRILXh0VTd5QnEzSmEtMDNELVFkQk5DYkZyd2VHeXhWcWc?oc=5,2026-01-26 12:55:47,Daily Nation,Sakaja risks six-month jail term over staff CBA Daily Nation,2025-01-05
"Mombasa port fully prepared for Turkana oil exports, KPA tells MPs - Daily Nation",https://news.google.com/rss/articles/CBMirwFBVV95cUxQVHY5NmZDN05RU0VoQmUtQ0N2dUdhRXBGVkZaY25mMzZMalBvc0wwb1Q5V1hoR1F5QkRiVEk4ZEFjTnJwZEJrMVl3TnBkS1IwZ2N3RXB3M1J5a2hRVzAwVzlscjhzS3RkVk1jdVhhVW8wLWRJSFpBZS00Nmx4OTFZTUxxWWVzYVdMNkoxaUZ1cEU3YzgxX1VHRHhwbzIzR2l0c1gwdXRnS3N6SlE5c3o0?oc=5,2026-01-26 10:06:08,Daily Nation,"Mombasa port fully prepared for Turkana oil exports, KPA tells MPs Daily Nation",2025-01-05
Matiang’i: Murkomen office break-in was an inside job - Daily Nation,https://news.google.com/rss/articles/CBMipAFBVV95cUxPTnpBRjd5dTB2WFlyMGRYRi1tZFZRaUZ5QkEybzFfQURjWGowWlpDNzh1QVVMMHR2RnJNU0FHdy04UmVKNUQ1WFJjQWktQlBIRUl4QWVVejM5TVp5b0lFSUs1X0ItZVdFZDBHamFESHFTc2Y2WG5oaWh4VklNa3o1SVN1R0tYRXN4bFlST3M0Y1NuM1FSOTlIUWFHVFpDeFNZQjBPQg?oc=5,2026-01-26 10:33:26,Daily Nation,Matiang’i: Murkomen office break-in was an inside job Daily Nation,2025-01-05
Guinness World Records confirms Truphena Muthoni's title - Daily Nation,https://news.google.com/rss/articles/CBMiqwFBVV95cUxOSERhNDQtWWtNZXliVllQdVotMm5qbE5NYjFxMDN2WUNEbk5ZQ2FLd2pKZlFnb1ZiNTJPY29BSDdkOGdBMkl4Yko1OURVNXZZejhpV3F6UU1RZTkwUHBHOUdSaFZGcDB3dU5ldjZpb1EwRjFVRGtJeUVjZjBpbTc2cVhmR1A4aDl1ZkRNaFMxczFYQlhTVEROUjh6MkhRb3ltZV92WTU0WDFxb2c?oc=5,2026-01-26 14:19:37,Daily Nation,Guinness World Records confirms Truphena Muthoni's title Daily Nation,2025-01-05
Oburu vs Winnie: Echoes of the past in the divided house of Jaramogi - Daily Nation,https://news.google.com/rss/articles/CBMiuAFBVV95cUxQeUU0MHZZMWFNQTRHQmE0NWR3YnVZUmJjNmx6bXRCSHBmaWh5QjQ1bG15LTZPMGxlcHVDSl9mS1p0UGtidW5BZFF0UHRQOTFKTVpVVHpOWG91ZTAydXhBdTk1Vm93MFZ1bGVKTjdZcjZ3RllWOGJldDB2UG5Fb3Bac2lPSzBLLVBrNm4zZzI0YzJ2eGdUTzJ5T1dZemZyUi1qTnJEZzFmUVdHZ2tSa2RwR1RxTlN1MEJ2?oc=5,2026-01-25 03:15:00,Daily Nation,Oburu vs Winnie: Echoes of the past in the divided house of Jaramogi Daily Nation,2025-01-05
"UDA proposes pension scheme for governors, MCAs - Daily Nation",https://news.google.com/rss/articles/CBMinAFBVV95cUxQR0VhZ2gycHE2MGVJV2d1T1NIcktLYURGSmZUaDAyalZNdmNoTmZUOVFLeURHWVJsazBkWnJ0bnJwZVhEOHZoUHQwSTMzSl8xeTFFOUxRdkdmVElFUV84WHlGLURlUExqUU04OGJvWXVfcUZIR09jRlFEQ1ZmRERXSUZhemRnQld0SGZYblFTaG9CcFVsRFlVMFJIb3M?oc=5,2026-01-26 16:55:08,Daily Nation,"UDA proposes pension scheme for governors, MCAs Daily Nation",2025-01-05
JSC unveils 15 to take up Court of Appeal judge slots - Daily Nation,https://news.google.com/rss/articles/CBMimgFBVV95cUxQSTJGbGtXMHFjN0g5ZENjcHRVOUpkM2haeV9MUGpTNE92MHhjRkc0OWV5bjE0SjhIVFpxTS1oSUJXdFZadUJXY1B0Q3NyRlhQZmRRSFgwT1czTDlzU0huNkt4TFJnYmxkODdkZXpDWlhFamxOZS1lamVoWnJYZXExUVJvV3JpMm10V05tZ3g3VWdzSHc1bG91VEZ3?oc=5,2026-01-22 17:08:38,Daily Nation,JSC unveils 15 to take up Court of Appeal judge slots Daily Nation,2025-01-05
"South Sudan orders UN personnel, civilians to leave parts of Jonglei State - Daily Nation",https://news.google.com/rss/articles/CBMivgFBVV95cUxPNmVuZURIM2RYRGdkY2x1azIzVlZvalNXdXhoT3Y1MENXX01laldJamNsQlh4alhxY2ZNekF5YXBBdTB4bFFNcEZEV3hPNVU2VXhvT1FjUHpiU3FTN3d1UmVTV2xKR0NpN3BrOWdQeFRiT0NVYno0X3UzZkV0SnNYRVhHaDNQcXo3RVRjVFY0S3lDVTNJQ05zUXpFY0JpY1VJSkpXZ2VCWDdpaDRJaWlIVURLdUszVFp2NUxGTkR3?oc=5,2026-01-26 09:15:20,Daily Nation,"South Sudan orders UN personnel, civilians to leave parts of Jonglei State Daily Nation",2025-01-05
Tear gas and bullets: Why violence is a hallmark of Kenyan policing - Daily Nation,https://news.google.com/rss/articles/CBMiugFBVV95cUxQLWk2UTh1SEIxTWxaOHE2WVUzb19jTWp2MmRmM2lMQi1DbDJNNWRUZnRGLUVpdGNNOXZZRXJyUWc4N3NvQ3diWVVwQlNQa0RlcGM1NHJHU29vOU5VcXh5X2JCQ09xY1VLaTZvSFgzUWJyY041ck94eDlwa0NaLVVyUExISHN1dzVjNVdGNFB5V2RIOElIRmFMakIwSWIxXzBWdFUyX2ZvTHBNMFJ1S01RTnQ3SmdfWU5waEE?oc=5,2026-01-26 08:25:38,Daily Nation,Tear gas and bullets: Why violence is a hallmark of Kenyan policing Daily Nation,2025-01-05
Police officers accused of killing man in Mukuru held for 3 more days - Daily Nation,https://news.google.com/rss/articles/CBMirwFBVV95cUxQU2lmMnV6VU5mc0hDd1J5QUFldFpjZmxmU0VXSDNUZDhmNjJnRHllakQ4SlZ1dTRvYVZlNzNkN1h3NnM5MHhWdEI1am5nYllPYUM1N2hTUnlGOG9rVXBXSHhjbDVHa3FWdG5CaTVZbXhldTBIOUZyVlFuaG5XdDAyRGctaEVUUm9abVNCcDhDMEpWNmVmeXZNbTBfaV9laUw2Y0wtRmV5WDBnQlNGakNj?oc=5,2026-01-26 18:21:17,Daily Nation,Police officers accused of killing man in Mukuru held for 3 more days Daily Nation,2025-01-05
3 warders jailed for aiding escape of terrorists from Kamiti Prison - Daily Nation,https://news.google.com/rss/articles/CBMirAFBVV95cUxPMTJiem9SQXVsRHZNZGhrTGRVRlQyOHRKM3B5bWtDTkJMOXMteG81X0VXU3dFTWU2MWxPdGRLcm92ZUNaT1NKdG9VX2hwYnNRNWtBVlNOQ2tnZkMzN3oxb1UzWTFEcHQ3YjlpYWlhTExqUklGTUNJN2pOa25Rd2pPRldORHBra0wwRkxfVHZQdjBuLUVfU3ZPc3VYQkExRUJPVG05Zy1fVkpDYmxD?oc=5,2026-01-26 17:12:18,Daily Nation,3 warders jailed for aiding escape of terrorists from Kamiti Prison Daily Nation,2025-01-05
National schools’ low intake of Grade 10 learners reveals gaps - Daily Nation,https://news.google.com/rss/articles/CBMisgFBVV95cUxQR1NBeDdEUXhKV2hNR0ZJc1lFTEdBa1NUOUlnMG15Zk5idEVKdXNrU1BpbEhyQmZYVUlMdG9GYXlJUjBxcEVxUDY2ZEN6ZERISDdsc1N4OHBHRWhWVEdRSGZDSU4wQXRsNE53bGpoQWp2V3RBLXVhRTNtaHpiX2czbkVWMGpPSUk0RHg4TXRmMERNMGd6ZjlVbDJWUnc1ZEd1eVhVc3RTblZkWFZoVi14Q2VB?oc=5,2026-01-26 05:31:17,Daily Nation,National schools’ low intake of Grade 10 learners reveals gaps Daily Nation,2025-01-05
Machakos County to merge six water companies amid losses - Daily Nation,https://news.google.com/rss/articles/CBMirwFBVV95cUxNOENSX0tMZ2tzdF82c0R3MEo5ZmI2TTI2Q0ttRnl6YzdxQm1fOU1HNk40QTAyQ3YwT0FlMnJna203SEhfN0dZWnRySGtqZXNvN3Z3TG82ZDhVckFqTWhDekU0UC1JcGVXSHdmR0dOMkVzSUlyMXBYdmpIVkNxR0psV2xMWVh4NEMyOExpVnFrdVIzTkhlMnMxYzNvQ2Z1UTFTLW94aXBSVXZFTUxuWFYw?oc=5,2026-01-26 13:02:45,Daily Nation,Machakos County to merge six water companies amid losses Daily Nation,2025-01-05
Act now to save this generation of learners - Daily Nation,https://news.google.com/rss/articles/CBMiogFBVV95cUxNSEtDWnpGbExoRmJEZzJTLWFkYjVGa21QYnV1cUJyYlhwNVB3Y0tzc2w1dXNEaGV4Zlp1bXpIOHhqWlNLS2U3c3pBalVqcGVVNkg5clU1Z0VhQ195bDFlWFBndFZTS3psRW8xVmFJMEtJdnZWVGtqQVJ1T2FIYU1lakI0b1R2ejBNbWQ3SW1FTGE0dzlHQ3UxWGRFUDEzem16aGc?oc=5,2026-01-20 21:00:00,Daily Nation,Act now to save this generation of learners Daily Nation,2025-01-05
High Court halts construction of Sh11bn Riruta-Lenana-Ngong rail - Daily Nation,https://news.google.com/rss/articles/CBMiqAFBVV95cUxPMzBhcERRZjRJVHFkMXhuWjBYX1I4M2FiX2xHOHhVWG1UT3phUzdHbEY3OG9nZ3d6MktJdXoyaTJUN29LVnlSS0E4ekV3T1hEUTBBR3hGTFZoU3FKeFhoOHozWXNXUHRMeVBlbXVHNVZueDA5Q3M0b1VYWUlWX0Ewdkg2SUZpQkJrV2pPOEI1aDI3SVJQUGNZZFFhMnI4UGhKMS1BYm9EcXU?oc=5,2026-01-20 11:32:45,Daily Nation,High Court halts construction of Sh11bn Riruta-Lenana-Ngong rail Daily Nation,2025-01-05
The path for women's groups to qualify for KPC shares - Daily Nation,https://news.google.com/rss/articles/CBMiowFBVV95cUxOYndSM01acU1hQlBtWUpsZWUxUU8wQVRlUE5CSzREZVhFbnk4cmtUTVRkeXRKTGhRMFFsT2hsSUhWR0pldW8tMzVqdHZpckllWHlURzhKdmQtcXA5eFhQX1pWOEZvOFJPcUZvOE5mcEZSVnprRkdoWFRaWnNXQ1pNTDd4OFpEaVpUcXZFVEFjTXdvbDhMZVEwMWs4bXFQQm1ra0RN?oc=5,2026-01-26 10:00:00,Daily Nation,The path for women's groups to qualify for KPC shares Daily Nation,2025-01-05
Teacher and chief killed in night Al-Shabaab attack in Garissa - Daily Nation,https://news.google.com/rss/articles/CBMitgFBVV95cUxOcWswUmV3N3c4Q3E5VGRaMERrQ0ctVkJEYlY5R25zajNPa1Q5VEJVOHhObW4xU0RlRDRMVl96c2g0XzFRdDNwbU1QQ3ktbUszM0ZnUEtDNWtaRE12bTNKYkh3cmtERDVMWjFvRml6d09HSlV2X3VGcHFNUTdsaGk3UXlaOHNnRlg0Q2EyTmJjLWktYW5TM0p2OC1vLVdMSTJ5b0QxY2tOZDFzWFptU3ZuY3IxWVo0QQ?oc=5,2026-01-26 10:29:29,Daily Nation,Teacher and chief killed in night Al-Shabaab attack in Garissa Daily Nation,2025-01-05
Cervical cancer while pregnant: Can you carry a baby to term? - Daily Nation,https://news.google.com/rss/articles/CBMisAFBVV95cUxQVDhVUFpnYngtNHgtODlfMk9XeEZnMmlDcS1qVnVYUW0zenRfeGVndlV6ZEhjbkNSbWxmNC1vUVVDbF91OVRTbjhlZXNoaEVkSTNfYjhWNjk0Ty1KeWVKR2lRQnhzZE1ldkZWZWJKT2JvU2N0ajUxNXNrX0RVZk96WnpSd2d3R0ctUjk1OEZDb2QxOXcxZGtYU3pXcFRjLWZpcEJVMW0wTEFOUnI2WTN1NQ?oc=5,2026-01-26 10:36:42,Daily Nation,Cervical cancer while pregnant: Can you carry a baby to term? Daily Nation,2025-01-05
"Grade 10 textbooks distribution delayed by Sh11bn debt, says CS Ogamba - Daily Nation",https://news.google.com/rss/articles/CBMivAFBVV95cUxOWWFmM05SNGNtVF9RZUc3a0FvU1FmMmNvQ1BmNGNGRDhhamJCU3JWY054NDkwaTRMSGRDY3F6cGxtVWZtQ1NTOFd4SGNvTWN0bzM4Q0hIQ1lXVnZPdW16b0RBNG0tNzd1TmE0MElvWFRRLVZleDhUS2JwUDlVMWQzTXQxMzNtY3VzN1htMHFSREdJSE1pV2R3MUZuRzVRdjkzTERyb0JhazdqZXFqVG9IbklzMi1nenNqVUdTVg?oc=5,2026-01-26 08:00:00,Daily Nation,"Grade 10 textbooks distribution delayed by Sh11bn debt, says CS Ogamba Daily Nation",2025-01-05
'We feel blamed': What men really think about misogyny prevention - Daily Nation,https://news.google.com/rss/articles/CBMisAFBVV95cUxNam1yMzJiQXktTGpQUXBzTVFJLXNLT0JiTGtNQjhnVDBuYUlENXVmRk5tSVJPaTJsMXN5TnRFR0tlcVpmQmlNZXVSSDRUQl85aFM1ZTc3anhXSlB0c2ZVVi1tOTJpV1JQY0FhVk9hUUFhYk03eER5a1pGU1ZQdTU0WWpBaHpkdmt0a1B3S0ZSTmtva3BkalJGN1diZm1acUtDUlQyT3BNRVE0dGp0VVJlaw?oc=5,2026-01-26 03:00:00,Daily Nation,'We feel blamed': What men really think about misogyny prevention Daily Nation,2025-01-05
Kabras coach Carlos Katywa closes in on 50-match unbeaten run in Kenyan rugby - Daily Nation,https://news.google.com/rss/articles/CBMisAFBVV95cUxOWVBxdFFmMHJLekUzVjI2T2pFeFkyQUFYY2dJNk0wb3JEdzQtdi1NeWt6aGdTbV83Z1pxeFpWZ1B3cEh2d1pfOTdZZDdyeHM4eEozOWtDM1Z0YUpiMmRaS192Z0dQSDBwVTQ4bG1aU1FWVmVwZkdWX01Ed054QWpjU0hTWkJaalFLX1ltUzFHSVJYcnZqTWNqWjRFUFkxUkJwWXhOVmlJaEpNRWR3aWwyVw?oc=5,2026-01-26 03:15:00,Daily Nation,Kabras coach Carlos Katywa closes in on 50-match unbeaten run in Kenyan rugby Daily Nation,2025-01-05
Inside ODM’s ‘Linda Ground’ plan to protect party strongholds - Daily Nation,https://news.google.com/rss/articles/CBMirgFBVV95cUxQWEs1RmQwVm5jS20wYllOcUNlZVd1TS1DSExWSS1mVXY3RWhwaTAxRUs1X2F1cXk4dlo2Z1VEbXgwT3o1eHhWYkdLM2FqRjRrUTRnU3ZkcjdRS0JnQVJ0b2JQb3h0T1VpUkRsbEtSNWdJa3pENzVqbWR5RkQ5VTd1RGVTbHFvbmZtMDBpM2llTV9jM0Y0UHRyX2ZnbkUwWi1qZ3piRERqNFZaSFg3R1E?oc=5,2026-01-26 03:00:00,Daily Nation,Inside ODM’s ‘Linda Ground’ plan to protect party strongholds Daily Nation,2025-01-05
Milk deliveries to factories hit record 1bn litres in 2025 - Daily Nation,https://news.google.com/rss/articles/CBMipgFBVV95cUxPcF9DZzQxQzRWcjVyWlJRY3ZiUlIwZlJiWjN5ZUxLTXJMc3d5bzIyZVFFNFBBSjVQVFN0MTdXNkpyOVk5MmUwSWhjRDA4MzJpTnRsWS1yZExHM0RQRlBuVElfM3hvSDMycDJrNF9IYlVlZHZGZVBIVEd1NFItd0Q4UkFDZFI3WVRBdEJjcFNaWUYtTzFkZGxST1UyOVJJM1BpQXpBUEJ3?oc=5,2026-01-26 03:00:00,Daily Nation,Milk deliveries to factories hit record 1bn litres in 2025 Daily Nation,2025-01-05
Treasury considers lowering Inua Jamii qualifying age from 70 to 60 - Daily Nation,https://news.google.com/rss/articles/CBMirAFBVV95cUxNQzV2bDNUYTBua3RCSW50NkVDNHMycUtiWk5pTTQ2ZUthWmVGalRrLUo0ZFFsVEtNVU1ESEpqYkxGcjBXdU1HbDNGUDMtY24wd2s3aE5HR1l3a2tKYTNsVU1TX1A5T2tKUTlOVXlmWTJRS3diNGJOUVctWlpPRmhkdFI1VXllTDQzd3gzdkxTci1Vbk90cGxuZnp4YUxHU3NKTy1JNk5EX1RWQjAy?oc=5,2026-01-26 14:28:28,Daily Nation,Treasury considers lowering Inua Jamii qualifying age from 70 to 60 Daily Nation,2025-01-05
Africa on the back burner in Trump’s first-year scorecard - Daily Nation,https://news.google.com/rss/articles/CBMinAFBVV95cUxQbGtHNVItYmREMGp1cWZwajYweDJkRFoxTHRJbFVLSzBfN0tJbVBNaFczS3FkdTlBXzlzWU5vU3pYYVVkS3oxWTRyeVJ0T1BlNHdMbkg0THNxVGpDelVrNEtnb0l2Sm01X2JGbEZHdlNLRE9MczVBeFZoRzdZM2gwYWhTelVydElpblBWbHBveEpSeU9HTldnUE5oMnI?oc=5,2026-01-25 14:00:00,Daily Nation,Africa on the back burner in Trump’s first-year scorecard Daily Nation,2025-01-05
The legal risks of exposing an ex online - Daily Nation,https://news.google.com/rss/articles/CBMirgFBVV95cUxOcGZEMmdiTTV2MGF0MDczTFA5Yk15U2hjNk5sYWVyN0xLSl9uWUswWGV5bkFYOWpXeVRuV0hyOEo5XzhoMUtkUC1zXzFIdS10bHdrQ2owV0g2djllNGRMVUF0ekpuS2hKZlNEUVFuS3hfN18wTUJYZWRTdkdDb2wxQUJoSXlaZE1xWlA5UDBvQWcyMVFLUi1mWGJiUE1vN2IxU2Q0TElpRjlfRURFQnc?oc=5,2026-01-25 14:00:00,Daily Nation,The legal risks of exposing an ex online Daily Nation,2025-01-05
Shortcut to nowhere: The fleeting promise of Nairobi's luxury weight-loss drugs - Daily Nation,https://news.google.com/rss/articles/CBMivgFBVV95cUxPV00wWkw3c1M5R2ZKWXpDY3o1WjlxMUNBTmRYQ3FxS0FZYThxQ1FZV0p5ek5mYUJUZjQxa2lPRWlndGpFZEtiM1RLUTZWZ0pEck55OXRSTkNqOG5QYXNEY0pkNHJLZ0FRX0c2RXl6SUNmZ1FpVmtLZ3JFcnRsSmd3OVFyNy1DYkZtNmlTaG50OHhVRGRESXA3djJ4eTZoY3FwVkJfSlBaX1l2dEI1SWx5WmU0RDNDQWlleThSYi1R?oc=5,2026-01-22 10:00:00,Daily Nation,Shortcut to nowhere: The fleeting promise of Nairobi's luxury weight-loss drugs Daily Nation,2025-01-05
King of Kikuyu soul: Wanjine unlocks the formula for streaming success - Daily Nation,https://news.google.com/rss/articles/CBMiwwFBVV95cUxOXzJ6Rjdnd1VwNXlWNDB1empKRzhuZU13UVdVZ3FVTDVQREhNNEFUUVk0dGRBTlJ6d19UajdHcmpjVkdWMFNBSDBzV0RWN0RIeXFubU5HdllSOFlaVVBfRE9UODFEVkJaWUZpSUFjM2c4QTAySnVuTEJYb1dZWTZPUzZlSXpvbnVUUkpfenBhTnF1SFJiQjBQc2FpMXd6VnQ0TXVybVR2eV9IaVBpUmptRlNGZ2tDTWdMMnZ4SmkwSU1tRWs?oc=5,2026-01-25 14:00:00,Daily Nation,King of Kikuyu soul: Wanjine unlocks the formula for streaming success Daily Nation,2025-01-05
'They strangled her': Bobi Wine’s wife hospitalised after brutal military home invasion - Daily Nation,https://news.google.com/rss/articles/CBMizgFBVV95cUxOaVMzTXdfRnZUZUdOY0tvMTViRVVUc0JhV0RWbUdMY1VNMTVjd19ObUx1RFhOMDIyRkpKRXdKZnV3dmVENnVWZHhDVXBoYTBSSlhaQmdIZEIyaWZ6cGVzMDRnOHo2MkxUWUM4Ny1kamN2cjEzR1huMGJQMWdJM2Z6YjhBNUd2RUVaamtTd0MtQmZIemtKR1NVc0ZzMU1wV1dKTENodzNxb1JxdTlPcEFlZXNTeXFvX1hLRVNvSlptbjBMWHVod0R4dzRyeUdadw?oc=5,2026-01-25 09:11:58,Daily Nation,'They strangled her': Bobi Wine’s wife hospitalised after brutal military home invasion Daily Nation,2025-01-05
Kenya U-20 captain Amos Wanjala joins La Liga side Valencia - Daily Nation,https://news.google.com/rss/articles/CBMiqgFBVV95cUxPVjBsdmtPbmNWY0xHLWdRVEpod0NRUG5mRnRWXzN6RFh5dF9UTTVNSEZoWXJRcDNjckotVE9fbWhQSnREeXVrNjNlWW5UQ3ZHR1BpTnp4SjZuOTdSQjdBaVpyVmZ3S0VZRk14ZGpfQkZXOV9VUWxCNlFDVHlIOE1oZS1NLXlPQnN1d25veXN4NUFIRnRjd2lSRERYQklFcmZVU3lrZFNCM1JmUQ?oc=5,2026-01-25 13:10:39,Daily Nation,Kenya U-20 captain Amos Wanjala joins La Liga side Valencia Daily Nation,2025-01-05
Scientists discover why some wounds refuse to heal - Daily Nation,https://news.google.com/rss/articles/CBMimAFBVV95cUxQdFBxRWxKTy1KRWR2UXZlclg2d05scWZpZFZucUxKa2pJU3BVQnBjc0ZPTjc5c1lJZExOdXdKUVZ0Y1IyeGxYa2hxTHdiVDhqbllrbEtYZTlLMEJRY2E2a2tMRnBUYXVQYmZlbS1WdDdDeUFaNzB0NXpTNEp5RWJRbXhaVjJTTVJBZkFydVFIel90X0xHOXhEcg?oc=5,2026-01-22 03:00:00,Daily Nation,Scientists discover why some wounds refuse to heal Daily Nation,2025-01-05
"MPs retreat: 2027 elections plans, senior school chaos, and SHA top agenda - Daily Nation",https://news.google.com/rss/articles/CBMivgFBVV95cUxPSVhOX0k2RGUwb1lHWGpMZE9LYlBnMjlOUS15Y2VseUZTY21TWmkxNjJpRmpzd1hVY2xFcjZfR01jVjJNSlpNN0t6U1doX1lrMUJwYk9DT2tlc2RPQUx2SEg3OVRSV1hCblN1WG1yT09aUmhBUDBlTl9lQ3FjTTBWa0R5bkZRZ2dCdmItNXR1RHF2TFhXanhDNkw2aE4yS25hYV9aUG1zQUdmRU9vRTMyNUZJWS1RMjQ1cmdDRVJ3?oc=5,2026-01-25 09:51:40,Daily Nation,"MPs retreat: 2027 elections plans, senior school chaos, and SHA top agenda Daily Nation",2025-01-05
Police lob tear gas at worshippers during Gachagua's church visit - Daily Nation,https://news.google.com/rss/articles/CBMirgFBVV95cUxQWFRKVC13SktUZkxTZ1d1cTJCTlBVTVMzTVFJTmd1SlRrYTJGZU1mQWRBZE94NXVpcnBzdndodU5YM2Z2dllOLVJIM1M2VlBmV3YtR2kzTVEyRk83b2tRYWNKYVF6UHhtTWpnYnFJNDc5dGZkSU8zZW15MlJyalNZdExSTS1McElDZWlxMG80TDRwT2JzNV9YWEJMZTJjelR3WkFsM25yYXR1SU1aRXc?oc=5,2026-01-25 14:21:12,Daily Nation,Police lob tear gas at worshippers during Gachagua's church visit Daily Nation,2025-01-05
"We found church on TikTok: Tales of no offerings, tithes in new gospel - Daily Nation",https://news.google.com/rss/articles/CBMiygFBVV95cUxQM3k0S3VUUTVseGZjSWdFN2Q5V1I0NWRfWTU5UEl3ZTFKV05fcVFVNzJvclhwTjlIb2FqTFFraXVzWlpYc19ySktiNFprMTdxVFIwelMzYlFwOWtuSTRCVG5adlhKZGpEM3g4empJNjN3YXp2T09KMzdhN0RCbGpWb2ZIMEk2bjBjQVZxN3VtQUFVT0ZiNlpjSGZjQ2ZERExhdm1wWm41QjJWa2JUUlk3WjVwVDgyODhJcEZyUEVGS3JqVlV2djNiTHJ3?oc=5,2026-01-25 09:00:00,Daily Nation,"We found church on TikTok: Tales of no offerings, tithes in new gospel Daily Nation",2025-01-05
Solar: The invisible burden of going green - Daily Nation,https://news.google.com/rss/articles/CBMijgFBVV95cUxQOE1RSW9LdnJVWlQ4cVYwSmd0TTBJSkxzOEw4UERvcURtZThWcEdOdVpGNFFXVmp1YnlVakdqXzJqNWVwWDlONXd4enJLb3huTXcxQXJGS1lYZTdIMGVzYVk4ay1sZ19RUWtobWZYdS13RGlXUE1iVGxSM2dyWHdzN012UFY5OEpFSXlTX2t3?oc=5,2026-01-25 15:48:50,Daily Nation,Solar: The invisible burden of going green Daily Nation,2025-01-05
Why bid to remove magistrate in Sh1.3b Loresho land case failed - Daily Nation,https://news.google.com/rss/articles/CBMiqAFBVV95cUxOOENYM0d1MlFYejNpbFhnOGlOQlpXNVMxODFWNTd1Vi1FMDVRQ1gxcFZFN3VaUXhVR1lFalpCU3BPSlVqLTI1SDZ1X1h2d3pLYXhkaTE4bmhoVkk5Z19vb1hfZl9sLW1GS0hQNTRvUmNoNGxzMFhScWM4Y2p0Ny1jQVktN1dEZEtPWlRUM2ExWlZRMXNyVVZNeFFQeDdZQkpidDlGYjJMT2Y?oc=5,2026-01-25 12:38:27,Daily Nation,Why bid to remove magistrate in Sh1.3b Loresho land case failed Daily Nation,2025-01-05
World Bank climate project suspension adds to Governor Nyaribo’s woes - Daily Nation,https://news.google.com/rss/articles/CBMivwFBVV95cUxPYmFBNmxrcTg3VE9tLU1qajhrZnB0Z0xGUTUxZUctVjNfRW9INkgxYUtfencyVHU4ekhDVEJXa0pqYzA0UXpHYzJabS1OMTItLVZmcHlzSk02SDYzbXoxZlByR1JIU201SElqWnZwRXFSaUpvQTA1X1piU204NEVmVDA3c21ERUVPeklFUFNETU5jZlUzVkViLUkwQmhiaUFlOC1KbDVVazJpa29TTWpJSTJ6Wng3aUx3NjgtYWdJYw?oc=5,2026-01-25 10:18:50,Daily Nation,World Bank climate project suspension adds to Governor Nyaribo’s woes Daily Nation,2025-01-05
Double blow: Two judges slam the door on Ezekiel Mutua’s MCSK return - Daily Nation,https://news.google.com/rss/articles/CBMiwAFBVV95cUxQLVRhQ0RzMHF3TVUwY0hFaEstVFNaS1VPVF9Pb0NrN29fRjRxbUZ5MEFjd0FuUjN2VkxzQkgzM1c1RXdkcS0ycGdEcGM5R05XWWZLUnN5WUY3bnlLbW5QbThjRGVXR3daNHhoc3FLdEJWZkd1cWhLaEg0dXZZakJvVEM1ZFlLR19rbVY3WGJJUHYwbktJVG42M1pTd2NTbTkxZFBhdUxuNjVlRXRZVWdsenZWb0ZIcDRrQzN6Z1hOa1I?oc=5,2026-01-25 09:35:28,Daily Nation,Double blow: Two judges slam the door on Ezekiel Mutua’s MCSK return Daily Nation,2025-01-05
Okaka: From ‘mjengo’ worker to world-class boxer - Daily Nation,https://news.google.com/rss/articles/CBMinAFBVV95cUxQWERlVm5wS2I4Y0dKSUppNVJHcUQ2OUZ1TWZkV0RmeURzSzltOWNOYUZiUERkNnNUZE1CVlJRYWViWmQyc09LczJwb2JtbEdOb0MtbXR6bUU2dTdNeWVSWUNCRFRwZzE2WTU0LVA2SVgzZ21YZVBwQjJrSTNaU0JKYW5LMjF2X2hGa2EyZ1NRcDVQQldteEpJSVpoWFE?oc=5,2026-01-25 03:00:00,Daily Nation,Okaka: From ‘mjengo’ worker to world-class boxer Daily Nation,2025-01-05
"Mystery man breaks into Murkomen’s high-security office, stays for five hours - Daily Nation",https://news.google.com/rss/articles/CBMiuAFBVV95cUxPUHZadjZQRF9sT1U4dlIwbVFvZTN0R0I1aVNmMmVnelN5bU9SUDlheFhYNHp3Tmx3ZmhPb1VHdG5JN0tiMmNaLTVPb1BJVk5icS1UVkNuc2Rrb0ZjcFRvZjNWdHpTcS1uRjFyWThLLVZ2cnJEd3hCdDJoaDVmWnIwVVpwWGcteTdkRFlIbUdiNWxERjEyWXEyZDZkelZybVVwd2stOHJHSjhDTWhSWkFpQnJ1eUU2eVRK?oc=5,2026-01-25 14:06:03,Daily Nation,"Mystery man breaks into Murkomen’s high-security office, stays for five hours Daily Nation",2025-01-05
"Kenyan parents, wake up and protect your children - Daily Nation",https://news.google.com/rss/articles/CBMiqgFBVV95cUxORGl5ZWZUa3JwOHFsQnBxTDFRQ3dlZUpRNGdQeWt3NXlQRG54RjVveTNMYVd6RTRjZ3ZaLWJHLTlMMmJZc0UwZ0pmLWpmaFhXbnI1MWJTUHlDZ0hIb3M5Q2xzS0NISTQxQWtsOFAxOXFFVjNMeG9Zal9RSFVZZE9NZWl5eGJpS0p2R0lNVWo3Y0M3Z1JLVmRyTmRDWk5tb0kzTmVwZ0pnMlhtUQ?oc=5,2026-01-24 21:00:00,Daily Nation,"Kenyan parents, wake up and protect your children Daily Nation",2025-01-05
Gachagua: DCP will hold free and fair primaries - Daily Nation,https://news.google.com/rss/articles/CBMingFBVV95cUxPSFloWnBPdWMwUm0ySEh2clNCLVlEdk0xdFJUZmV1VVYwN2xYTFloRVdCQzRDT0NPN0t6MjdhQ2syelBDNjB5ekpJNnB1Zk1XcGtMcm53elJwSXhBYkM3T2FHQ3J3QkhvR2FPSGlZck5jOG1jWXdkYWcyLUNuNER3bnhMdTI0R25kYW9qV1duNVZqVVpOdXFyRnA2QWtPdw?oc=5,2026-01-24 19:19:36,Daily Nation,Gachagua: DCP will hold free and fair primaries Daily Nation,2025-01-05
South C building collapse: Re-inspection of ongoing constructions begins - Daily Nation,https://news.google.com/rss/articles/CBMiqgFBVV95cUxNc0JjZHFBZFpaU09mOVZHWVVXNDZyMktlS2VtMU00ZTY1TXhTanI1VmpsXzZ6ZXVwNFhNakVCTDhCUDVldUk5UzNCU29TWElFcUdmYk9CMEFDUVlJcnJTYnM0QzhBeEtGMFVFZ3lfTkFzeldZMEVHM3dxUWNDNHJiZkhCWVQxLXBKZTlvNFNMLVZYRm1pY19IU0k1VkNMSC1neHRsdE5XRUdqZw?oc=5,2026-01-24 14:37:20,Daily Nation,South C building collapse: Re-inspection of ongoing constructions begins Daily Nation,2025-01-05
Beyond the CV: Why Ethiopian women are switching their ethnicity after getting jobs - Daily Nation,https://news.google.com/rss/articles/CBMiygFBVV95cUxPa1Ntb1hueGdlN2UyRTNPYUladVB3TE43VU1ab1ZwSkhLSGh2YjFPSldRQ3pHNHFUTUtMWWRtblFmN2VRV0tnazhyay1GZVptcEU3LVFQdDZpZ0ZVVlZrVno1aDB0MVZSTVFXY2xPdlh5cTEyVm5lTTZkazI3QzF3TXpZbF85SjYzVjVnVzJYYXVKNk5udVpRSWg5d0pyRnV6U2lXS2JCc2N6T2FUOWxaOC1GcEV4Uk1QUEx4S2tOVXlQaTE4ZllkeWZR?oc=5,2026-01-24 16:34:22,Daily Nation,Beyond the CV: Why Ethiopian women are switching their ethnicity after getting jobs Daily Nation,2025-01-05
The high cost of the ‘high’ life: Kush Tracey’s journey from addiction to ministry - Daily Nation,https://news.google.com/rss/articles/CBMi4gFBVV95cUxNTWFhQkFsMTRvc1pzTzJrQi16Mm9yTEhOeU1qWUxOZnNudUh6aWEzRlFfUXdfRGJwRnBXVGh2Y25TbzU0SFRuVDZlN3NiV0N6VEFTQ3JJT0NZU2NjaWxyaG5LbHE0NkZrWHZKRG1xcmppSjRLaTVQYW9aYkpwelVEeHJNQU9KeGxHZnQ3Z05FYzF3VDRydHBKNUhxRWk3Z3ZOT0JEQmxldElpUWszRkZ1WU5BU1F2MXdYV3hPbGJhWUJmeEFxbGlNd1VOYWJ0MXJ0SW11RGIyTXFtUW5WX3ZGZWxB?oc=5,2026-01-24 09:00:00,Daily Nation,The high cost of the ‘high’ life: Kush Tracey’s journey from addiction to ministry Daily Nation,2025-01-05
"We cannot replace a dam with a bus park, Governor Wavinya tells Senate after backlash - Daily Nation",https://news.google.com/rss/articles/CBMi1AFBVV95cUxNdGFVcF9ZRWN5UUx4aExSekFOZm1ERHRLVDc1ZGVjOUJqcTlYX1FIN04tOGJqdW5STzcta2pyYThiZUpub3FIRTVYRENKc0dkMEVHSi1zc2JtdlZHLVRoLXJkcWRTZjBEbWw1aVIydFNNZDRwazhVb09remkxRVZmaFkyQjhXSmVtWmI3S1lzc3AzQW5RUENfR2wyaC0zOHBhdFluTGZEYVhsLWtjanpJeDRFWUthdWd0TWtBU0VBRTZHb2lsRlpwWlBfT3BER1l6ZFAtbw?oc=5,2026-01-24 10:48:44,Daily Nation,"We cannot replace a dam with a bus park, Governor Wavinya tells Senate after backlash Daily Nation",2025-01-05
Kiswahili emerges as top-performed KPSEA subject - Daily Nation,https://news.google.com/rss/articles/CBMiogFBVV95cUxNMnhmemtVZ0NKelE3aVUzLWhNc2NYTkYyNlU2VjItajZNNHQ0UnU1aFNkbmZyUThyc1djYXh0ZElITG5TTTVyZWM5Q3NXdWxLRkQzQUhxMjBWanladUE5eHhuTjFTSzRTWVMzTHhBa2VySklkX2t1MzJDbkFsLVVVVzU1Q0p6MFVxMjdybkZGRm1QN2NWaEtsN3R0c29DR2pHVnc?oc=5,2026-01-24 14:06:45,Daily Nation,Kiswahili emerges as top-performed KPSEA subject Daily Nation,2025-01-05
ODM wrangles: Oparanya-led ‘G8’ accuses Oburu group of ‘greed’ - Daily Nation,https://news.google.com/rss/articles/CBMirAFBVV95cUxQbFFvTHFJbU5hZGFFaUt3ZU9EdXFzTFF6WXZteXkxSE9DbG01WkVsdkJEWE5UZ08wQkNfTTdidWFSdzAySS1oSXFSUHJXTGhpMWxvbzZ6OTlSSEdmdmJFVUxzYVlTVjA3bkNzU1VsSkY1dzc5SnJPeHU2cEYtaGkxd2pkUURwQlB1c0R1ck9CWUV2ZUt5NFRrVXNaa05IbzZsTUlSRUFMUm40bnBx?oc=5,2026-01-24 11:19:07,Daily Nation,ODM wrangles: Oparanya-led ‘G8’ accuses Oburu group of ‘greed’ Daily Nation,2025-01-05
Absa Bank Kenya poaches executive from Stanbic - Business Daily,https://news.google.com/rss/articles/CBMiswFBVV95cUxPY3JzZklHLUpZU2Rodld1bnZleEhPRFNSMVczXzhtaWE5WU9CckdXYTB1NDNCV0VpOUF0bmhibC1pS19PaHVJNkFBV1lRSFFldW9YV1lrU1dLNXZGZ2FnQXNZUkh1RDVNQklGWjg5Rlo4cUVNTmFGZUlPTGNKd2VWcWFYOFJmZ3FQenBTUWJGS0RycS1jX3FIUDEtTEEzOXJLMTQteWU1dmlvM19UbHcwQThzdw?oc=5,2026-01-26 15:55:01,Business Daily,Absa Bank Kenya poaches executive from Stanbic Business Daily,2025-01-05
"KRA catches 392,162 in tax evasion crackdown - Business Daily",https://news.google.com/rss/articles/CBMinwFBVV95cUxPVHBRRWhnMkxtYUJaazZLblNEazVyVTVtQjZaRnhLMTc4Ny1nMWNkM2tOSzNickdkYWFXb3BXWGpLbm02SE5jUXp0aXFzUUhGdkRreDluUFpNQTA3ejJYYXdlaWRJWnVpeEZpaXVVbU1lUThsMVZtdGU0UGdPeDQ4N29hczlrSW5wQUJHcF93TDB0cy1ZR3FvMmhXaXdnSUU?oc=5,2026-01-26 18:15:00,Business Daily,"KRA catches 392,162 in tax evasion crackdown Business Daily",2025-01-05
Hundreds in limbo as State scraps ECDE Diploma - Daily Nation,https://news.google.com/rss/articles/CBMingFBVV95cUxPSjlLODd6TTlDRmNZM0ZfT2U4dTRHcUx0UjNaLW0wZjE1TFVkclNDZjJvR3RPWWRfc2JXVlVXYnhOOWhJY1hZRmp5WW1JMzhpTTZ1X0N1ZXVHeU5SSzNmTmt3bm9CNFgtWU83LWZ1cnczaEo2QUR1U1JZczZJUldrQ3NHQ05xb2RTT1NRaUVveEtsM210S0RRRWZSVG5jQQ?oc=5,2026-01-24 08:42:11,Daily Nation,Hundreds in limbo as State scraps ECDE Diploma Daily Nation,2025-01-05
Court faults TUK for illegal deductions on senior lecturer’s pay - Business Daily,https://news.google.com/rss/articles/CBMiwgFBVV95cUxPcXdIRy15ZjZXMGpyNU1LZk45SDRabDNjS3p2RjVuVHpxLWV2SkU1WlhPNk80OTQ4VHNsVm04TTlMbzVCWHZhYUlRVlljQTFkeldjM0hQNUYtVzVCSVBZNEo5NUszblQ0ejBXZzNuTTJZNk1CdjE5U05KVk1YUWlKaHp3NWRldG5reEUySHQyWlBzYk9OeWJ4RFRjSFR4SVZsUlhkREtVdWJOU0JYUGM0bG9lMm1IS0xlZDlBbVNNdWtPZw?oc=5,2026-01-26 17:00:00,Business Daily,Court faults TUK for illegal deductions on senior lecturer’s pay Business Daily,2025-01-05
Regulator clears buyout of fintech firm Riverbank - Business Daily,https://news.google.com/rss/articles/CBMitwFBVV95cUxQOE9XOVQ1d3hhdTRaVlUwMlZvdnR6UzNsaUhEVjduSjNleUhwZXRpSFFEQ1psZmxMMkdJQnJ6Z05hVGZkeFRjMkJfMGRqSUh2ejhhSlRMR0hpYkh5dVdjOGJNV040MmlnR3BmM3NaQkdyMHpHLWc5RHU3NzJSVXNPYlVRcXdJVEpVMWNzNzBnTWFnTVFkejJ2aGxDWDg1S1dFUnJsdEFvQzFWaUZKRXNwdVZOWG41N1U?oc=5,2026-01-26 16:45:00,Business Daily,Regulator clears buyout of fintech firm Riverbank Business Daily,2025-01-05
